time,t2m_d00,t2m_d01,t2m_d02,t2m_d03,t2m_d04,t2m_d05,t2m_d06,t2m_d07,t2m_d08,t2m_era5_mean,t2m_era5_std
2010-01-01,263.47787,263.72662,264.22058,264.06213,263.6167,263.12158,264.19653,271.09937,266.4897,265.72382,6.1514144
2010-01-02,264.14368,264.5927,267.19305,266.53705,268.6272,265.95676,266.99127,266.45428,270.15805,265.51013,4.676621
2010-01-03,271.01178,270.72253,269.44955,270.59143,269.58508,271.48492,270.59814,264.9206,270.20233,265.88263,5.1431994
2010-01-04,261.30325,261.508,260.52896,260.02344,266.32956,267.19214,266.3822,264.79315,269.09555,264.88974,6.2593355
2010-01-05,264.96298,265.66016,265.1296,266.31577,267.33405,262.44193,261.85776,270.12964,261.23383,264.28635,6.5787554
2010-01-06,263.771,264.51413,264.4687,266.34088,264.08575,265.8388,266.14923,262.9183,266.02487,263.2825,6.5060124
2010-01-07,266.23993,266.22864,264.80145,263.69778,267.16357,263.8629,263.89838,266.34137,265.47522,266.06393,5.1422005
2010-01-08,267.6617,266.19986,266.92975,267.4635,264.5322,266.9135,269.50967,264.79242,262.59088,265.41022,5.827528
2010-01-09,269.4428,269.49457,269.2388,269.35263,266.83633,271.27533,266.1526,273.8899,271.69174,265.99963,5.1401734
2010-01-10,276.23914,275.96964,276.10455,275.92374,276.15814,275.3905,274.68933,270.49234,275.1715,265.9362,6.932885
2010-01-11,274.91022,274.49716,275.63544,274.48523,275.51385,276.39648,275.54376,270.78357,269.7004,265.62045,6.1450615
2010-01-12,270.9116,271.77246,271.8731,270.47626,272.05887,268.94116,268.97607,267.17792,265.23987,264.89224,6.631979
2010-01-13,274.0277,274.57916,274.3621,274.10925,273.623,268.46716,275.52426,269.20862,268.61285,264.21628,5.7410254
2010-01-14,274.3603,273.96783,274.2852,274.4848,274.36017,273.53284,264.523,274.95087,272.65082,264.68246,5.526846
2010-01-15,270.5157,271.47256,269.00177,272.30234,268.19806,275.01865,269.74158,272.17432,273.8319,264.833,5.0799217
2010-01-16,269.73093,269.86768,269.90955,268.97583,268.40106,271.46973,272.83643,268.37115,273.04852,265.84946,5.5160675
2010-01-17,272.47015,271.75848,272.2375,271.59082,273.45798,267.06622,271.00287,273.5714,273.74283,267.98502,4.3154445
2010-01-18,269.01694,266.279,265.82825,266.234,266.60544,265.15613,264.40756,266.27295,270.2079,265.83313,4.8790474
2010-01-19,271.20297,268.8682,268.01,267.88922,267.90527,267.90448,267.0644,270.0028,265.82233,265.07895,6.224074
2010-01-20,275.30017,274.59766,273.53522,273.60324,274.33252,272.285,275.26053,273.11432,275.61972,263.32538,6.069269
2010-01-21,276.6926,275.87012,275.9766,275.86096,275.6056,274.34015,274.0038,269.9961,275.88583,264.1089,6.3280764
2010-01-22,271.97354,271.19083,271.3833,269.9204,270.50275,270.02423,270.7893,267.325,273.09082,265.6151,6.286692
2010-01-23,268.55353,268.14105,267.85175,267.11633,267.32672,267.82556,265.39447,265.6155,265.17145,264.05136,6.1353297
2010-01-24,267.30853,268.08948,267.6612,265.1826,264.45813,265.18762,266.9004,266.8894,265.78998,263.01868,5.9152007
2010-01-25,268.44806,269.5531,271.79236,272.63672,271.87943,264.6808,272.52158,271.34583,271.474,263.75854,6.1062493
2010-01-26,270.5407,268.226,268.61713,268.63272,272.6283,270.25497,267.94684,272.74344,271.9713,263.8181,6.93558
2010-01-27,276.591,275.61523,276.17102,275.6465,270.5277,271.5221,273.40924,271.66196,271.67102,263.618,7.549364
2010-01-28,273.67017,271.80847,270.9749,270.10852,270.01633,267.9657,269.60718,274.22668,274.6353,263.74796,6.82825
2010-01-29,258.41693,259.41733,258.43787,257.85474,261.24133,269.56836,263.17078,272.05713,269.95233,262.08475,6.851324
2010-01-30,261.25266,261.1315,260.8504,262.10764,258.60706,259.72577,265.67438,261.976,268.85742,262.96555,6.9460406
2010-01-31,262.31067,262.4041,262.41064,262.78638,262.64926,260.80447,259.21683,263.64273,264.2129,263.6494,6.0960603
2010-02-01,262.69003,262.38235,262.34845,263.00604,263.05026,263.83847,261.24594,259.92932,262.59183,263.9086,6.276416
2010-02-02,263.58047,262.86847,263.18414,263.39566,265.6446,265.2522,264.10773,261.51324,265.4427,263.53622,6.3484426
2010-02-03,265.92838,265.6424,265.21408,265.35956,264.99976,266.2978,266.3258,264.02634,264.97845,263.35623,6.2345686
2010-02-04,267.96988,268.147,266.2343,266.371,268.01245,267.65155,269.00446,272.21512,266.21375,262.95325,5.86104
2010-02-05,269.94943,268.67902,268.8543,268.83667,267.81665,266.88165,268.44098,269.2768,269.08722,262.8189,5.5313597
2010-02-06,272.35706,272.0243,271.47168,270.72284,271.49408,266.34137,268.7249,267.77313,273.09424,262.50565,6.157621
2010-02-07,271.93817,271.497,270.86856,271.49506,272.91766,272.26636,265.43915,271.54904,269.06836,261.65793,7.336193
2010-02-08,269.00696,269.54626,269.16083,268.66864,268.63043,270.61026,270.261,263.07886,265.70856,262.94177,6.228915
2010-02-09,267.0935,265.38684,265.8291,265.28577,265.25354,265.6214,266.48676,271.44583,266.4301,263.6732,5.8902717
2010-02-10,264.1463,264.502,264.71655,264.7256,264.81946,266.41022,264.74707,264.1225,267.51282,264.05414,7.151885
2010-02-11,265.4179,266.17822,265.84348,266.9706,269.2832,269.3646,269.17456,262.79108,266.76733,265.57834,6.5378947
2010-02-12,268.21783,267.77634,269.07916,269.0462,268.6123,270.4152,270.1595,270.58792,265.74277,266.55658,5.0734735
2010-02-13,274.95966,274.56152,274.3041,272.85608,273.1214,274.6236,274.61353,274.95068,273.6955,266.10944,5.48618
2010-02-14,270.46942,269.95465,272.03726,271.74353,271.86133,270.13422,270.58588,269.39856,272.00555,265.47824,6.3881536
2010-02-15,272.6518,272.6414,272.5512,272.53577,271.26678,269.58215,268.79712,271.69263,270.73236,265.36493,6.491416
2010-02-16,269.6965,269.6401,270.24567,270.31317,270.5783,266.98474,264.08826,267.9438,270.95255,265.27838,6.0436974
2010-02-17,263.59424,262.78763,262.5443,263.0912,264.50818,264.50647,262.9865,264.22095,266.65335,265.26654,6.519641
2010-02-18,260.81717,260.8103,260.52924,260.8531,261.6261,263.19922,262.06375,262.3466,263.6007,264.4154,5.6179237
2010-02-19,262.7033,263.1646,263.23358,263.5263,262.71024,262.78265,259.08398,260.55548,262.9697,263.70563,6.935127
2010-02-20,260.659,261.23718,261.85886,260.8722,261.67865,260.94882,261.13943,256.42688,260.33405,263.0911,6.6652875
2010-02-21,259.95624,261.29462,261.267,261.35376,261.82822,262.0856,259.21625,263.02115,255.06453,263.75983,6.856665
2010-02-22,261.0882,261.1676,262.48718,262.1292,261.10736,261.6914,260.54526,260.99933,261.8449,265.42383,6.4480042
2010-02-23,257.92047,257.87164,257.1397,257.79498,261.1424,257.38943,259.00104,257.85693,260.30127,264.97855,5.9863143
2010-02-24,257.6817,256.20215,256.16675,254.7174,261.53583,267.00745,259.0375,260.48505,257.0843,265.55734,7.0303745
2010-02-25,262.94955,263.00638,262.53558,259.99356,260.18234,262.98883,265.9724,262.34796,258.6588,264.97165,6.1629596
2010-02-26,264.58234,267.31003,267.44226,267.29053,263.40546,263.76456,265.06284,262.67804,265.26373,265.75623,5.2235293
2010-02-27,264.21075,264.1878,263.3197,263.64438,264.25607,262.6555,263.44547,262.464,264.54913,265.19226,5.059672
2010-02-28,262.974,263.35437,263.7823,262.29364,262.6447,265.09955,262.70013,263.2799,262.55823,264.39496,5.8612947
2010-03-01,263.71527,266.24597,267.34692,266.51193,265.70218,269.51672,266.1159,264.0423,268.02798,264.6823,5.303172
2010-03-01,263.71527,266.24597,267.34692,266.51193,265.70218,269.51672,266.1159,264.0423,268.02798,264.6823,6.266883
2010-03-01,263.71527,266.24597,267.34692,266.51193,265.70218,269.51672,266.1159,264.0423,268.02798,264.6439,5.303172
2010-03-01,263.71527,266.24597,267.34692,266.51193,265.70218,269.51672,266.1159,264.0423,268.02798,264.6439,6.266883
2010-03-02,264.8562,266.61053,267.78815,266.82117,268.448,266.4305,268.7904,268.89996,270.60156,264.71115,6.6850405
2010-03-03,268.0409,267.57233,267.94006,268.16888,265.4487,267.95355,268.88947,270.51218,270.80322,264.3918,6.402348
2010-03-04,265.91772,266.09763,266.5363,266.90372,267.37524,265.88187,269.2964,269.1239,270.12347,263.44345,5.887311
2010-03-05,269.68497,269.43848,266.4336,267.62292,268.32425,269.74097,266.455,268.42175,268.1828,263.171,5.471465
2010-03-06,268.357,269.30472,268.80624,269.54047,269.09317,268.22876,268.0815,265.4909,271.89832,264.63058,5.925671
2010-03-07,271.76874,271.75696,270.53577,270.19196,271.7444,274.76422,273.7738,270.03827,269.2821,265.55585,6.010281
2010-03-08,274.33923,274.26855,273.36166,272.35312,271.31665,271.1844,270.2875,271.0478,268.65387,265.97806,6.7545853
2010-03-09,269.1076,268.25586,268.22485,268.04117,267.41937,267.35974,271.31158,271.11884,270.6487,266.04202,6.5071964
2010-03-10,268.9086,267.9016,267.82056,268.55615,268.0661,267.95013,267.97818,269.38013,270.8526,267.47647,5.507539
2010-03-11,269.18124,267.81067,267.6631,267.5887,267.81204,267.84448,267.15405,269.98776,268.8341,266.64215,4.787455
2010-03-12,269.1908,268.64114,268.44812,267.11255,267.10004,267.028,268.80774,267.3576,268.8241,266.34076,5.08079
2010-03-13,267.74518,267.17694,267.04846,266.822,265.66888,265.71436,265.81403,267.81152,267.641,266.2438,5.0257683
2010-03-14,266.78537,266.94537,266.8932,268.15417,268.19263,265.46582,264.67896,266.4408,269.3493,267.85965,5.360027
2010-03-15,265.95203,266.89932,265.5428,267.0794,266.87982,267.25635,267.3731,264.9011,269.41785,266.83795,6.156824
2010-03-16,266.50464,267.1159,266.00916,268.29422,269.1162,266.2281,267.25906,266.29297,268.22543,267.38205,6.3280506
2010-03-17,266.56866,266.13318,266.10666,265.48212,267.6855,267.72424,267.25586,267.86786,265.636,266.94183,5.500562
2010-03-18,267.2917,265.9461,265.93002,266.14908,266.32587,267.07913,268.37927,268.77136,267.0569,267.70654,4.9188128
2010-03-19,265.57715,265.89178,265.28528,264.9704,265.941,267.16962,268.57312,267.404,268.99637,266.88474,4.0788293
2010-03-20,264.84802,265.0781,265.5736,264.4394,264.98755,265.09268,266.16547,269.40674,268.4077,265.78784,4.803136
2010-03-21,268.56558,268.14978,268.46603,269.76294,265.32187,264.95428,265.67377,267.72244,267.0479,266.17096,5.016791
2010-03-22,268.79977,267.67596,267.9748,267.22302,269.5421,266.50116,265.89948,265.4427,266.71982,266.25464,5.0323668
2010-03-23,270.81885,270.92944,270.53552,270.14276,269.05798,269.35098,266.69742,269.474,266.87506,267.16824,4.9747
2010-03-24,269.8614,269.7149,268.6374,268.80383,266.43677,266.9109,270.9319,268.71008,270.10724,267.30826,4.7551494
2010-03-25,268.50595,268.3766,269.031,267.46826,268.8391,267.66742,267.08652,268.32587,267.7665,266.3636,5.0101604
2010-03-26,269.07947,268.6317,268.78558,268.24792,269.1505,271.8615,267.71875,266.3682,266.42267,267.08337,4.4551387
2010-03-27,271.29495,270.73367,270.44193,269.39792,269.16684,268.87122,269.4121,268.5119,266.99725,267.47574,5.282756
2010-03-28,268.74353,269.2983,268.79248,267.71973,268.50476,269.91904,268.0141,267.58447,266.46893,267.93045,5.6138773
2010-03-29,268.52417,269.30426,268.9574,269.23773,268.72528,268.37314,269.37006,266.818,268.38617,267.84744,4.5511165
2010-03-30,269.81177,269.6425,269.80505,269.90884,268.63214,269.8953,268.9367,270.57605,268.03564,267.20892,5.089039
2010-03-31,269.69116,270.2476,270.6383,270.0078,269.86884,268.47086,269.94128,271.1219,270.5699,267.1303,3.5915654
2010-04-01,271.99255,271.95428,272.7922,272.91193,271.95886,273.09308,272.51126,269.21155,272.00592,267.05707,4.5299597
2010-04-02,275.47296,275.4945,275.3468,275.19357,274.34796,276.21494,275.9025,276.0191,271.86768,268.11298,4.3473883
2010-04-03,275.06836,275.6773,274.11942,274.1699,274.1879,276.75504,274.03162,274.04327,274.9173,267.6577,4.5663333
2010-04-04,272.60254,272.90735,272.67072,272.6994,272.1579,273.00272,275.3094,274.7734,273.54892,267.68146,4.575234
2010-04-05,272.52533,271.90356,272.3105,272.99884,274.9229,273.64865,273.60406,275.13104,274.8364,267.52322,4.579572
2010-04-06,271.3556,271.78113,272.74493,272.1222,272.63275,274.52136,274.81912,274.40048,274.4632,268.21014,4.4142504
2010-04-07,273.29303,273.11703,272.11728,273.81158,273.8206,274.23975,274.09103,273.23633,274.37875,268.49866,4.3820577
2010-04-08,272.62866,273.27527,273.06702,274.28436,275.10992,272.37958,275.53592,275.03986,275.06458,267.94836,3.9389753
2010-04-09,273.60577,274.19397,273.47137,273.47067,274.48236,274.42505,271.0299,273.5359,275.1414,268.5332,5.029146
2010-04-10,273.5591,274.66046,274.3703,275.01456,273.65268,274.41223,273.9342,274.32993,274.8471,267.9565,3.886903
2010-04-11,274.49075,274.21838,274.52942,273.299,273.0155,272.84875,274.37177,272.95703,273.57367,269.18356,4.4143705
2010-04-12,277.98062,277.65527,277.9637,277.75006,277.44165,277.78156,277.04987,277.57758,276.08215,269.95474,4.9737206
2010-04-13,274.5113,274.51782,274.50183,274.20386,275.0512,274.28754,275.04218,276.7881,276.95978,270.28043,5.0969234
2010-04-14,272.88916,272.03046,272.04083,271.69998,272.25238,272.10223,275.05145,276.07623,275.66516,269.73138,3.8278399
2010-04-15,275.53275,274.91983,274.55005,274.8814,275.19455,275.39905,274.31372,272.33032,274.0855,270.3212,4.282472
2010-04-16,273.93378,273.25406,273.34744,272.5382,273.40457,273.20343,271.89923,271.77966,268.912,269.72128,4.0094523
2010-04-17,272.3839,271.69745,270.68738,270.9355,271.88535,271.65,272.582,273.3802,270.84528,269.72986,3.4555626
2010-04-18,271.58575,272.40396,271.44434,270.94666,270.2801,272.6888,270.78125,272.4718,271.39404,269.63553,4.021138
2010-04-19,271.0204,272.8744,272.82373,272.77136,271.7836,271.13763,273.09158,271.0299,272.37064,270.52332,4.6180887
2010-04-20,271.74884,271.23627,272.13477,272.9892,272.05295,272.082,271.60712,271.1466,271.95154,270.53333,4.569829
2010-04-21,271.99896,272.52313,271.92163,270.93842,271.76117,271.0924,272.15695,272.07404,270.3277,270.7955,4.2282476
2010-04-22,272.60803,272.0052,271.87335,272.68073,272.01135,272.92856,271.5798,274.11212,272.95557,271.06842,3.7552164
2010-04-23,272.63263,272.82794,273.43765,272.22052,270.64224,271.13593,274.41144,272.3537,274.1501,271.78436,2.8857763
2010-04-24,272.9019,272.67255,272.91443,272.9326,272.4877,270.9657,270.96722,272.00412,272.56302,271.0932,3.4413412
2010-04-25,271.2415,270.53336,270.66876,270.9954,273.02258,271.73148,272.65906,274.13474,270.6634,271.6119,4.2495146
2010-04-26,273.57513,272.48462,272.55176,270.6117,270.77054,272.7887,270.89337,270.79456,271.79578,271.8869,3.9267962
2010-04-27,273.2223,272.2309,272.00195,274.03198,271.4557,271.92688,272.29623,272.75543,269.29688,272.29758,3.8550463
2010-04-28,270.78082,270.4761,270.08173,270.7385,270.92627,270.22363,271.8659,275.13702,272.2758,272.42795,3.956264
2010-04-29,272.13336,271.79242,272.42932,271.2712,271.92938,271.08746,269.53296,271.34637,276.66675,272.2679,3.6634092
2010-04-30,272.86987,272.2346,271.7072,271.623,271.1447,271.81848,271.79507,270.1675,272.31635,271.6912,4.205107
2010-05-01,273.6225,274.32303,274.57037,273.54282,273.95392,272.46808,272.20306,271.21933,269.82477,272.03107,3.304613
2010-05-02,274.22876,274.87085,274.7456,274.4171,274.35596,274.11572,272.95758,270.96484,273.06964,271.9915,4.302271
2010-05-03,274.6137,274.5916,274.56378,274.73322,274.3571,274.36865,273.57816,274.04846,271.30457,272.6357,4.293836
2010-05-04,274.56146,274.04138,273.47314,273.2118,273.6474,273.52396,272.44403,272.28534,275.43,272.64307,3.7701416
2010-05-05,274.27075,274.4928,273.9817,273.6753,272.73962,272.54187,273.26764,272.10532,275.42303,272.76184,3.3355334
2010-05-06,273.72372,273.6405,273.8367,273.77505,273.3653,273.04633,272.15405,273.01953,270.98914,273.5259,2.6238225
2010-05-07,273.82355,274.13104,273.93942,273.72437,273.77573,272.5114,272.23178,273.13635,273.3873,273.32245,2.3447094
2010-05-08,275.02448,274.55255,274.98514,274.26526,274.3744,276.48718,274.60355,273.02527,271.36578,273.9955,2.9453385
2010-05-09,273.8203,273.86993,274.08844,273.80493,272.86615,273.01205,274.3662,273.12164,273.06592,273.7758,3.1889937
2010-05-10,273.5256,273.2547,273.1891,273.37305,274.649,272.90405,272.87207,273.14624,272.42816,273.3547,2.8470182
2010-05-11,275.67804,275.55432,275.5974,275.51337,275.01868,274.4967,273.88538,273.78467,271.4898,274.05157,3.1370015
2010-05-12,276.28955,275.82642,276.38525,275.6762,276.16095,275.50287,275.87903,275.45032,273.54617,273.4705,2.8031785
2010-05-13,275.5479,274.89752,274.7621,276.0951,276.94907,275.6682,275.39856,277.0127,275.76987,273.29285,2.6540184
2010-05-14,278.55927,278.11243,278.2972,277.96008,278.36102,275.2945,280.0382,277.3419,277.13788,273.219,3.1060638
2010-05-15,278.4522,278.37463,278.63647,279.7275,277.39703,279.01587,279.38834,277.57825,277.01514,274.28162,3.2842338
2010-05-16,282.16425,281.81006,281.6169,281.536,280.6753,280.31583,280.6439,277.64267,274.62787,273.5881,3.1674938
2010-05-17,282.4726,282.42868,281.71967,281.6324,281.77582,282.32855,281.13617,280.66882,281.35022,275.03302,3.2230065
2010-05-18,282.58618,282.61255,282.013,281.8567,282.58154,279.9996,279.18103,280.70178,277.64362,275.20486,3.3906398
2010-05-19,277.81787,277.7331,277.28973,277.37195,277.4465,277.0041,276.92377,278.6141,277.3612,275.43805,2.57093
2010-05-20,278.71362,279.80307,279.82806,280.19452,279.36932,279.29306,279.9386,278.07257,277.7052,275.67636,2.3481
2010-05-21,278.99078,278.7541,279.11328,277.873,278.4948,276.89258,277.75238,278.65082,280.96616,275.6434,2.7945077
2010-05-22,278.50336,277.9442,278.38928,277.04688,278.91458,277.92932,276.64676,278.00208,277.88446,276.63135,3.023438
2010-05-23,278.58743,278.34717,278.19348,277.94812,277.77625,276.50824,276.6158,276.8884,277.1441,276.19748,3.204002
2010-05-24,275.9752,275.94275,275.95438,276.13562,277.7471,275.92377,274.16254,273.52542,275.24994,276.1828,3.2219098
2010-05-25,276.6527,276.929,276.93643,277.7204,276.39862,275.94983,275.14728,272.81274,272.9011,276.38693,2.6663966
2010-05-26,276.24863,277.87946,278.35577,278.77158,276.52017,275.73834,275.06567,275.70392,274.21753,276.18185,2.2469134
2010-05-27,276.58392,276.83533,277.07742,277.81494,277.56186,275.831,275.9198,275.49927,275.76483,276.55472,2.800878
2010-05-28,278.09436,277.854,278.34802,278.97177,279.4341,277.46976,275.83017,275.9964,275.85266,277.00705,2.9367728
2010-05-29,278.15118,278.49524,278.71198,278.95593,279.23013,279.57977,277.25317,276.6068,278.00922,276.9039,3.0108628
2010-05-30,278.88284,279.5537,279.16125,279.42206,280.552,279.48065,280.02322,278.85675,278.3693,277.59714,3.4793134
2010-05-31,278.30762,278.18826,277.0719,278.3048,278.3198,277.40918,281.44733,279.1048,279.16238,277.25934,3.2094982
2010-06-01,274.96814,274.9604,274.57947,275.49814,275.7448,276.4688,277.08887,278.75183,280.6872,277.41537,2.832234
2010-06-02,275.36957,275.03424,275.50198,275.53015,276.4399,277.1223,276.80298,278.11902,277.0733,277.3615,2.7504656
2010-06-03,279.8338,279.37723,280.365,279.49973,279.38556,277.11093,277.69943,281.6712,278.32275,278.0389,2.7840989
2010-06-04,277.37067,276.75162,277.13367,276.9365,277.11874,278.0437,275.8808,276.9001,279.52667,277.56784,2.6901004
2010-06-05,275.21634,275.18216,274.64636,275.338,274.72668,274.81372,275.42365,277.23495,279.82684,278.28925,3.2371418
2010-06-06,274.95306,275.01263,275.3131,275.87067,274.791,275.7027,274.87842,276.10303,275.28857,278.17227,3.0703201
2010-06-07,275.57,276.13947,275.81097,275.08868,275.64026,276.06744,276.62503,276.2894,275.48956,278.7523,3.2573493
2010-06-08,276.07202,275.4398,275.4095,275.73135,275.34528,275.1503,276.5285,278.67667,276.54257,278.3635,3.2572546
2010-06-09,276.9978,277.21252,276.707,276.7085,276.73666,275.68134,278.0901,279.12097,279.70123,278.6409,2.9188566
2010-06-10,275.54755,275.51398,275.80054,276.7417,275.95288,276.04645,276.30597,276.4095,276.21875,278.6867,2.9052844
2010-06-11,276.88898,276.3493,276.2366,276.77478,277.10846,276.1598,275.93594,276.49463,275.81036,279.32065,3.159625
2010-06-12,279.8265,279.46484,278.40482,278.80402,280.6419,282.6226,278.5371,276.5484,278.55096,279.0839,3.1154497
2010-06-13,279.25287,279.38263,279.99554,279.18066,278.6681,279.661,281.28326,277.2838,280.1482,279.55746,3.1804092
2010-06-14,277.63776,277.62488,277.42615,277.39142,276.3225,278.33643,277.83664,277.31018,276.41385,280.13892,3.3398135
2010-06-15,276.99847,277.258,277.8689,277.5492,278.2926,277.07117,278.38925,278.1772,276.7478,279.6002,2.526414
2010-06-16,279.02466,279.04077,279.41663,279.09525,279.1856,279.70044,278.59467,278.50143,276.45297,279.21146,2.5930903
2010-06-17,279.32422,279.77014,279.6562,279.40063,280.58502,280.23904,280.68393,280.00525,281.09265,279.05417,2.5532253
2010-06-18,278.92145,278.99786,279.16144,278.7709,279.31934,278.5252,276.2882,278.90677,277.87537,279.82672,2.6782622
2010-06-19,278.8822,278.449,278.85657,278.46933,278.18137,279.09122,276.94672,275.7894,281.05426,279.9807,2.326132
2010-06-20,277.6208,278.7776,278.2506,282.8224,281.58008,278.9361,279.583,277.62286,276.79315,280.7606,2.9752767
2010-06-21,277.5767,277.47598,277.4275,277.03864,279.99445,284.2987,278.85364,283.4275,279.3681,281.0916,3.059802
2010-06-22,278.14996,277.90234,278.1947,277.56116,278.0266,279.31516,279.84802,277.7483,280.27753,281.11102,2.9878554
2010-06-23,278.0338,278.27673,278.30676,277.86328,278.52667,279.11554,278.60718,279.78027,277.22888,281.1419,3.2528408
2010-06-24,279.06265,278.96655,279.08502,279.0152,279.13358,279.145,277.46844,278.8329,279.08438,281.2612,2.4686983
2010-06-25,278.06592,277.97488,278.54572,278.3558,282.11475,279.16132,277.98492,278.2057,278.59186,280.82272,2.5397637
2010-06-26,284.03314,284.0608,281.481,283.73352,279.26666,281.4607,277.68298,280.0929,278.26245,280.85544,2.5994575
2010-06-27,279.51996,278.9065,278.6286,278.63303,280.28088,276.82062,280.2433,278.4859,285.71277,281.05292,2.6143281
2010-06-28,278.61276,278.99274,278.77026,279.3981,278.0589,279.75012,278.54102,279.28763,280.33057,281.1682,3.47039
2010-06-29,279.13828,278.0761,278.67532,279.4865,280.52615,279.15042,277.80853,278.48102,278.0785,281.5206,3.4077053
2010-06-30,278.9854,280.30597,279.70508,280.3266,280.1266,279.91162,280.23627,278.1994,278.67896,281.58234,3.395303
2010-07-01,279.97626,280.28723,282.05136,281.99835,281.82886,279.8053,279.04657,281.55994,280.46875,282.21347,3.121424
2010-07-02,278.97787,279.30283,279.31207,279.25214,282.5006,282.3331,278.4923,277.15576,279.47864,282.69232,3.2327268
2010-07-03,278.84302,280.2645,280.375,280.02896,278.1608,279.24603,280.56476,278.75537,278.39697,282.58694,3.346523
2010-07-04,282.1065,282.11945,282.40942,283.46985,281.3593,282.1125,281.99612,284.464,280.73065,281.65985,2.913414
2010-07-05,281.39688,281.63788,282.44012,284.28946,285.01276,284.06598,281.84286,286.18103,285.04398,281.67978,2.9725585
2010-07-06,284.27173,283.94623,283.91287,284.06528,282.255,282.97406,282.35895,281.85498,284.34137,282.08566,3.1521187
2010-07-07,282.99615,282.74002,282.73468,283.63873,283.16296,282.3548,283.30908,282.574,280.8573,281.775,3.0923555
2010-07-08,281.6722,281.7301,282.46774,283.82306,285.33746,282.13806,281.78632,281.9364,283.42828,281.72327,3.113095
2010-07-09,282.7367,281.95844,282.19647,282.58905,281.9665,282.93463,283.81387,286.4063,282.67764,282.17014,2.5856166
2010-07-10,283.6084,283.75452,283.62268,282.59055,284.21155,284.54395,283.34415,282.08984,283.06393,283.2276,3.8772085
2010-07-11,282.46164,282.47635,281.985,282.36282,281.9334,281.69794,283.79172,283.19446,283.61798,282.72925,2.3594463
2010-07-12,284.19473,285.3983,285.4331,285.5337,284.839,282.73682,282.0913,281.79852,284.35944,283.42438,2.8280964
2010-07-13,285.36588,284.8245,284.44394,283.3175,282.98663,282.3766,281.20364,281.2694,280.4776,284.32278,3.0534
2010-07-14,281.1489,280.92212,280.73505,280.49554,281.53427,280.5775,280.4441,280.24426,280.02496,283.87033,2.9155366
2010-07-15,280.08823,279.82736,279.70233,280.214,279.7047,284.5224,280.81476,282.55515,279.7305,283.4912,2.9569557
2010-07-16,280.0183,282.5788,282.15344,281.00446,281.0439,283.0625,283.06442,283.76718,285.1833,284.0572,3.2591414
2010-07-17,283.13617,283.5586,283.72565,284.26276,285.09363,284.67786,285.82013,285.6728,283.41974,283.71082,2.8315651
2010-07-18,286.17697,286.1781,285.60406,286.38696,285.76764,284.30835,284.78467,285.57483,281.13144,283.5026,3.2717798
2010-07-19,281.3733,283.11212,282.7278,283.27704,283.88297,284.0124,282.03375,281.88995,283.6326,283.63104,3.172272
2010-07-20,282.8506,282.77225,282.83392,282.53375,283.09344,284.22015,284.03134,281.61102,282.16638,283.2705,2.672183
2010-07-21,280.6322,279.87915,279.39954,279.55872,279.4486,278.68005,283.46603,285.58447,279.76837,283.00793,2.651332
2010-07-22,279.58554,279.61768,279.133,280.08102,279.8354,284.23727,281.71442,278.07077,282.84796,283.07883,2.7877758
2010-07-23,279.00116,278.2212,279.18527,281.4881,279.1765,279.40796,282.1927,280.2735,279.74368,283.07297,2.892322
2010-07-24,281.65326,281.0993,280.09204,279.78418,279.36884,281.33636,282.6529,279.6878,277.86304,283.62897,2.842075
2010-07-25,280.55884,280.56134,280.31757,280.40216,280.65543,281.74707,281.69928,281.10193,281.63013,283.72397,2.7373269
2010-07-26,281.73703,283.0973,282.98615,281.57645,281.51117,281.11816,283.5476,284.786,282.48102,283.66016,2.7416713
2010-07-27,285.6485,285.61035,285.2334,284.9214,280.55334,283.4734,279.44064,283.09235,283.0869,284.40643,2.9272609
2010-07-28,283.76797,283.15613,284.104,284.1886,284.01727,285.36627,286.62173,283.87357,282.9209,284.17993,2.6284344
2010-07-29,282.86118,282.6256,282.93756,282.8321,282.63235,281.99805,286.81165,283.10223,284.65955,283.97794,3.1963105
2010-07-30,282.62622,284.20493,284.5124,285.03638,284.4261,283.72275,281.5601,282.3877,281.6441,283.5899,3.1606798
2010-07-31,287.9898,288.38257,288.11273,287.70953,288.76282,288.5767,287.43567,281.4286,283.07156,283.8635,3.402222
2010-08-01,283.5797,283.25195,283.28238,283.5782,284.07812,284.03595,282.4205,285.86044,281.48856,283.9793,3.2353985
2010-08-02,284.87317,284.7484,284.1657,283.40448,284.26642,283.4016,282.51752,282.20093,284.6205,283.26685,3.2064757
2010-08-03,282.82062,282.61343,282.53668,282.61575,283.54034,282.74036,281.51056,280.75116,281.45212,282.8109,2.8174326
2010-08-04,282.2768,282.4593,281.65265,282.1175,282.16638,282.1087,281.79938,283.54233,280.42786,282.77866,2.817634
2010-08-05,282.4842,285.05225,284.1784,284.42133,282.25668,281.47266,281.39246,284.48898,285.32056,282.86398,2.7641973
2010-08-06,282.98163,282.59726,281.35822,281.5252,283.58136,282.01675,281.785,284.48853,285.3165,282.95862,2.921324
2010-08-07,284.59406,286.69107,286.91278,287.32837,286.1617,282.37427,285.73914,281.87747,282.76825,282.9969,3.3496234
2010-08-08,283.90125,283.1287,283.16815,283.38666,283.79416,285.94318,286.6955,284.93127,286.56473,282.82053,2.9659102
2010-08-09,282.73404,282.238,282.03177,281.6053,282.84875,281.31033,282.14783,282.3819,281.55966,282.60693,3.3375893
2010-08-10,281.9281,282.391,283.351,283.45013,284.10364,281.30652,280.46426,280.07874,285.87354,281.54492,2.3820758
2010-08-11,281.40765,281.73788,282.22034,282.11832,281.16177,282.3007,280.50003,280.87637,280.84363,281.705,3.0452821
2010-08-12,279.95447,279.7237,279.72296,279.67667,281.4541,282.0993,280.29974,280.0714,281.06262,282.68726,2.9247408
2010-08-13,283.35345,282.87848,282.19702,283.18597,284.43915,286.11993,282.1638,281.59488,281.56918,281.76456,2.5127826
2010-08-14,282.94052,282.852,281.93896,281.97134,281.99307,283.2189,285.27933,282.77646,279.91602,281.5576,2.959807
2010-08-15,283.16418,282.3259,282.39694,280.3711,281.45258,282.06882,282.77814,282.006,282.8803,281.5372,2.5761566
2010-08-16,277.9502,277.5351,277.80084,278.78973,279.15497,279.15027,278.46948,279.77747,282.31116,281.20615,2.716263
2010-08-17,279.62695,280.3672,280.74048,280.12866,280.59918,280.07593,280.4269,281.01166,277.93576,282.49112,2.579001
2010-08-18,278.27463,278.79413,278.805,278.4901,279.22827,279.445,282.46194,283.16345,282.2252,281.83783,2.5309622
2010-08-19,278.14526,278.06976,277.977,279.90274,278.8365,279.56494,278.068,281.77826,282.07764,281.82898,3.0657568
2010-08-20,279.99475,280.2931,280.2948,280.7948,280.74866,282.1314,280.20853,281.30328,279.4155,281.3116,2.6889956
2010-08-21,280.27765,281.5337,281.9506,280.81775,282.1958,281.19617,280.8804,280.47903,282.32657,281.11026,2.5279248
2010-08-22,281.93085,282.0204,282.28033,282.52264,278.7577,281.96362,280.82556,283.11078,280.4183,281.51163,3.050213
2010-08-23,281.02875,280.30084,278.71817,279.46158,281.06738,278.69464,280.67694,281.30005,282.25928,281.59897,3.261164
2010-08-24,278.78647,279.03973,278.4103,278.65363,279.06882,280.9544,278.90967,278.9375,278.76117,281.02304,2.7527814
2010-08-25,279.77716,279.20258,278.91748,278.5141,279.23297,279.8335,280.34424,279.76068,278.96045,280.79257,2.0459118
2010-08-26,279.2281,278.86932,278.68298,278.82397,279.13705,279.51526,280.16125,279.64798,279.93713,281.09344,2.9364443
2010-08-27,279.40256,278.93356,279.0483,278.13965,278.8428,279.35535,277.52716,281.24304,279.50308,281.3176,2.7480347
2010-08-28,278.95346,279.10635,279.00647,279.26508,277.79016,279.0679,278.4308,278.299,280.96606,280.67764,2.7478952
2010-08-29,279.00262,279.2592,279.358,280.0905,279.7562,279.52774,279.3042,279.1429,279.63538,281.31302,2.8524778
2010-08-30,279.29578,279.26715,279.51486,279.76913,279.8236,279.5908,278.4546,279.99805,280.07312,281.25354,3.7590714
2010-08-31,279.52393,279.28778,279.95117,279.47693,280.37466,278.76245,279.4604,277.62476,280.38116,280.275,3.7447362
2010-09-01,279.47,280.30194,278.99838,280.22845,280.5244,279.68546,278.50043,280.7929,276.8758,280.1748,3.3974466
2010-09-02,278.21088,278.49298,278.46677,277.9909,277.8594,279.5144,277.38168,277.29504,277.83484,281.03546,3.905749
2010-09-03,278.81912,278.9892,278.935,278.51434,278.38934,278.2216,278.04465,277.63385,277.58826,280.75055,3.2399426
2010-09-04,280.03156,279.44598,278.81757,280.2099,280.13193,280.79703,279.7144,277.24786,279.56555,280.17728,2.6258216
2010-09-05,279.5387,279.82,280.53815,279.05142,279.45956,281.41977,276.87085,278.93878,279.88623,279.6565,3.7679472
2010-09-06,281.7968,281.19052,281.25342,281.43643,281.87378,281.8495,280.78528,278.4319,280.67023,280.1467,3.3523567
2010-09-07,281.0767,280.9348,280.9674,281.22644,280.96786,280.73502,280.45148,280.77182,280.2517,279.1486,3.0406704
2010-09-08,280.33752,279.62598,279.97186,279.07443,280.28845,280.3303,281.2776,280.0583,280.56308,278.8726,2.9385786
2010-09-09,278.7234,279.41272,279.97595,279.7353,280.1219,279.03802,279.5385,276.28683,279.68347,279.03638,3.559182
2010-09-10,279.32236,281.00336,281.39557,281.5117,281.7868,280.15924,281.16602,280.84216,276.894,279.31577,3.2327335
2010-09-11,279.52698,280.099,279.98718,281.744,281.42236,281.59964,281.33224,281.94373,281.7759,279.78802,2.8368382
2010-09-12,279.60513,280.33142,280.2598,280.5067,281.7586,281.537,281.19427,280.5977,281.67462,279.94928,3.1904962
2010-09-13,282.5011,282.05853,282.23773,281.57077,282.31558,281.91986,281.56796,281.1994,282.24603,278.83417,3.3675008
2010-09-14,281.48297,280.6203,280.5063,279.03534,280.2534,280.1621,280.64465,282.13177,279.92694,278.58176,3.7373962
2010-09-15,281.8337,281.9024,281.98334,282.35175,282.52725,282.99927,281.88928,282.46014,281.59833,278.04117,3.5700183
2010-09-16,282.66394,283.12634,282.16364,282.28436,282.4437,278.41895,284.7759,280.344,280.83423,278.36798,3.474814
2010-09-17,280.74487,281.06244,280.90775,281.88348,280.44653,280.87885,279.14484,282.36633,277.77753,278.18243,2.9610205
2010-09-18,279.79266,279.88013,279.7799,280.31604,280.02252,280.419,280.8114,278.69568,280.85022,278.05087,3.410338
2010-09-19,280.02515,279.64856,280.31134,280.15707,280.0574,279.40448,281.24252,280.57275,278.83105,277.93933,3.6165946
2010-09-20,278.6224,278.85153,278.53784,279.44583,278.0998,279.7768,280.0141,280.05756,279.46857,277.03897,3.595744
2010-09-21,278.3396,278.13474,278.771,278.46732,279.7141,279.71185,279.3297,278.82825,279.42767,277.6148,3.5002384
2010-09-22,278.67444,279.24298,278.37473,279.0876,279.7865,279.46902,280.01288,278.35516,278.44562,277.5852,3.3568444
2010-09-23,277.2989,277.3631,277.72424,278.79584,277.67017,278.31427,278.48764,277.39587,277.64233,276.88846,2.8787498
2010-09-24,278.15387,277.97644,277.34808,277.99548,277.79535,278.2334,280.10492,277.0163,276.60223,276.87967,2.7184248
2010-09-25,278.1061,277.92032,277.6266,277.15695,277.23315,277.3218,276.6015,280.5598,277.34497,276.21994,2.554201
2010-09-26,278.00333,278.02228,277.7469,277.59088,276.88492,276.706,277.719,276.74783,279.24982,276.7968,3.286162
2010-09-27,278.2243,278.00604,278.58673,278.35257,276.59448,277.06027,277.08545,278.04712,276.80017,276.3486,3.0918422
2010-09-28,279.66846,279.49567,278.10464,279.70682,279.39175,278.06982,276.8901,277.85986,279.0699,275.95905,3.3555105
2010-09-29,279.91104,279.73712,279.2209,278.59604,278.05237,278.92194,279.7469,278.3353,278.6997,276.17474,3.7588632
2010-09-30,280.55432,280.282,279.7078,279.71356,279.62402,279.31995,280.359,278.58206,278.75195,275.97934,3.2886963
2010-10-01,278.48737,277.60983,277.53973,276.27563,277.39667,276.88794,277.0255,280.09735,276.8333,275.5736,3.7682955
2010-10-02,277.46356,277.25958,276.81186,277.01172,278.06433,277.08606,276.85223,276.60098,278.73077,275.68027,3.6412416
2010-10-03,276.945,277.87128,277.7865,278.72858,278.448,278.338,277.10663,276.91077,276.52835,275.17157,4.0015087
2010-10-04,278.81158,278.80774,279.0039,278.83362,277.43372,278.23102,278.1692,278.13992,276.431,274.8367,4.007479
2010-10-05,282.60294,281.42175,281.30908,281.7347,282.0315,280.25732,280.01306,277.56244,281.46765,275.1962,5.03586
2010-10-06,280.96085,281.13818,281.1463,281.30453,280.9018,281.05075,279.66895,279.2926,277.72675,275.9219,4.0044045
2010-10-07,281.64093,281.88263,281.8222,282.1814,281.86118,281.12115,282.66058,279.11523,279.3579,275.83734,3.6363363
2010-10-08,281.8654,281.61908,281.66782,281.59412,281.17828,280.98203,280.53363,281.32343,279.83624,275.5578,4.4598165
2010-10-09,280.79614,280.72537,280.52075,280.70013,280.58655,280.40137,282.0979,282.35193,281.79675,274.33685,4.4843717
2010-10-10,276.221,276.5578,275.7964,275.1471,277.09357,276.7415,277.66956,280.06702,279.0856,274.04535,3.3940196
2010-10-11,275.87335,274.98627,274.8016,275.35413,276.2658,275.81195,277.37317,276.86676,280.8999,274.1256,3.4885378
2010-10-12,273.76117,273.53125,273.77692,275.14175,274.80792,273.41098,274.75992,274.0373,279.1914,274.08075,4.5299835
2010-10-13,275.4302,274.83002,275.9536,275.47986,275.19003,275.13348,277.43713,277.9317,274.82007,273.64603,5.071278
2010-10-14,274.3512,274.14276,272.6066,274.17914,273.57645,274.80603,273.8734,274.53503,274.34607,273.36563,4.254286
2010-10-15,273.29205,274.03894,274.20685,273.8647,274.29993,274.03976,274.8496,274.48456,269.58374,273.1621,5.121144
2010-10-16,274.9883,274.03632,274.6842,273.98032,274.35345,274.39972,273.23438,269.75806,274.2894,273.07486,4.3911176
2010-10-17,276.09302,275.47028,275.58865,275.92896,275.85162,274.40704,276.6126,270.13806,271.1184,271.9273,5.1143355
2010-10-18,277.20538,275.9109,276.78857,276.9862,275.00873,276.7694,273.70917,277.20062,271.27435,271.56824,5.3482876
2010-10-19,278.01172,276.8958,277.03506,276.66675,276.05054,277.0772,278.65082,272.16968,279.2945,271.1992,4.988022
2010-10-20,273.87088,272.65363,272.70187,272.8308,269.9699,272.12466,275.7551,274.8458,272.51788,269.507,5.350183
2010-10-21,275.2599,275.7127,274.38425,274.2073,273.93597,271.46072,272.04626,276.83832,274.185,271.47983,4.9114323
2010-10-22,275.60837,275.98853,274.92078,273.82394,271.53604,274.4085,276.10236,269.91803,274.76587,271.73633,4.081886
2010-10-23,275.74277,275.5257,275.39697,272.61136,275.2931,270.04083,270.97443,273.93616,271.0097,270.381,4.369817
2010-10-24,275.82617,276.47253,276.20056,275.87836,275.951,275.15588,268.75586,275.3905,273.84268,270.58945,4.68597
2010-10-25,275.70004,274.73175,275.2223,275.4869,274.41614,274.20044,272.23822,271.84045,271.9148,271.66,4.7812376
2010-10-26,271.64154,271.59045,271.27808,273.2224,273.1986,271.08176,270.99622,273.40106,272.83893,271.45828,5.102004
2010-10-27,272.61932,270.8806,270.79553,269.78796,270.5983,270.779,269.6986,271.4643,271.38403,271.53787,4.9041953
2010-10-28,271.54398,271.0004,271.3745,273.00665,270.4358,270.07245,268.96985,269.94556,272.35468,271.12216,4.0649776
2010-10-29,273.81287,273.5845,273.36322,273.02795,272.55295,271.6224,271.20483,270.066,273.14352,270.42822,5.683387
2010-10-30,268.73898,269.42877,268.47437,269.3956,268.8296,271.1175,270.06262,271.60754,269.23828,270.1528,5.2059236
2010-10-31,272.40588,270.87054,272.42084,272.27466,270.9007,267.54254,270.653,268.8786,272.97992,268.8494,5.891368
2010-11-01,275.78424,275.6659,276.4187,277.8086,277.55243,275.7478,269.6161,277.6479,268.67706,269.09128,6.228
2010-11-02,274.99548,275.01215,275.5086,275.5152,274.2984,275.61197,275.4997,275.25613,277.01917,270.44928,5.619085
2010-11-03,273.0034,272.93442,271.59167,273.6913,273.11487,273.07373,273.42548,273.83545,273.02322,271.1327,4.9307933
2010-11-04,271.3122,273.19556,272.9698,272.90073,271.81732,276.07407,275.39163,271.58032,275.85785,269.89014,5.5974145
2010-11-05,271.27203,271.0736,272.2795,272.87656,273.79953,273.53973,275.87683,273.14148,270.87247,270.92764,4.89959
2010-11-06,270.95084,270.77344,270.27417,270.55936,268.98187,269.78055,271.61572,275.15952,272.70898,270.6969,4.6675735
2010-11-07,269.87042,268.2617,268.0118,270.50665,268.05994,269.90802,271.80963,272.6913,271.74542,269.82623,4.9761276
2010-11-08,271.18628,269.62695,270.0907,270.8647,269.06018,267.43298,266.67578,268.3745,270.29123,269.23245,5.2026286
2010-11-09,270.59436,271.01385,268.82526,269.1675,265.69955,268.2934,268.02637,267.06488,270.11395,268.48007,5.0123625
2010-11-10,269.31305,269.46637,268.0196,268.31775,268.15543,268.58936,266.682,269.14813,266.64087,268.519,6.0934343
2010-11-11,268.4317,269.0432,268.414,267.8719,267.94165,268.09094,269.0644,268.31836,267.2636,268.78534,5.1398435
2010-11-12,272.01923,271.636,271.50153,272.16562,270.07355,271.0839,268.0785,272.1392,267.9511,270.17587,5.091025
2010-11-13,272.81525,272.43616,271.44098,268.90308,271.2834,270.37766,270.98822,267.97275,269.0827,269.23483,4.774976
2010-11-14,269.1964,269.75317,268.96918,268.86212,269.49036,271.93848,266.87042,269.29166,270.53357,268.5523,4.4777737
2010-11-15,271.36584,270.65253,271.23114,270.19394,272.5583,270.86615,273.82578,268.71405,269.35837,269.31192,4.40184
2010-11-16,271.36102,271.39136,270.58414,270.69763,270.662,269.41876,272.76166,274.9944,272.22607,268.3612,5.1857324
2010-11-17,272.60223,271.2503,270.73047,272.3877,273.2296,271.1479,268.8532,269.4392,272.3448,269.2067,4.8883743
2010-11-18,277.5122,277.24017,277.60583,277.55817,273.58643,274.008,274.15802,276.2011,270.86658,268.9774,4.567269
2010-11-19,274.07697,274.21875,275.00073,275.475,272.45807,272.83154,268.8651,270.90897,274.1203,269.03165,5.3040752
2010-11-20,268.96234,266.91727,267.30276,268.14093,270.8744,266.53064,271.09064,271.44708,266.06168,267.4422,5.47202
2010-11-21,274.72534,273.74945,273.54437,273.0646,272.9238,269.74768,268.69232,269.02734,270.23972,268.10406,5.659515
2010-11-22,273.7556,273.49713,273.097,273.31198,270.65405,272.2055,268.54825,271.49384,269.4997,268.83353,5.9389596
2010-11-23,269.49265,269.2912,268.90457,268.01303,266.26733,268.9049,268.81912,269.1501,268.8772,267.835,5.8656383
2010-11-24,268.59827,266.3233,264.92023,265.1302,265.5772,266.73068,265.61224,267.51837,267.7157,267.90878,5.36017
2010-11-25,265.6662,265.8292,265.7072,265.37244,265.8661,265.67517,265.87576,267.8598,265.58145,268.18082,5.4331083
2010-11-26,263.65283,264.38025,263.87186,263.78986,264.57333,264.59286,264.2359,264.38837,264.77957,267.6817,5.6705837
2010-11-27,266.0729,267.09753,266.18216,265.0749,264.2614,266.01495,264.66946,263.3871,267.17456,267.7453,5.645136
2010-11-28,264.3044,265.20355,266.4458,266.4217,266.55597,267.4464,267.48553,265.31256,266.00238,267.64157,5.5390387
2010-11-29,267.1098,268.42676,267.02106,266.30856,269.84564,267.86002,267.06717,266.35883,265.23248,267.72977,4.890462
2010-11-30,271.67712,270.3957,271.9569,271.06116,269.49115,270.75333,268.57697,266.55008,268.00946,267.7202,5.3656373
2010-12-01,275.08023,274.27078,274.21686,274.6745,275.51672,275.21515,273.76395,273.99194,268.76868,268.563,5.7746124
2010-12-02,275.62512,275.1479,275.16458,273.46222,274.9905,276.40582,275.60318,272.57028,276.56448,268.9274,5.208991
2010-12-03,274.1129,274.52704,274.12378,275.29535,273.02234,275.7425,273.37872,272.53918,271.97394,268.56433,4.953092
2010-12-04,274.82715,274.08292,274.62158,271.47137,273.69894,267.99512,273.4596,268.93182,269.91168,268.30502,4.794657
2010-12-05,268.51135,271.1279,270.3341,266.0529,269.75366,268.03748,271.45142,270.8506,270.02673,268.09454,4.408971
2010-12-06,267.60086,266.95667,268.23166,267.6457,270.34335,267.99237,269.25195,265.3945,269.9375,266.18613,5.567875
2010-12-07,268.76102,267.64777,267.52002,267.81485,266.26062,268.3288,265.97327,269.9866,267.22485,266.40646,5.831537
2010-12-08,267.0158,269.82092,268.4174,268.96143,268.80457,268.56857,268.3847,268.9256,270.24817,265.7579,5.0425234
2010-12-09,270.46942,270.83368,269.5845,267.15015,267.37036,269.53583,268.71832,267.78436,270.154,267.1957,5.1683273
2010-12-10,268.31805,267.43848,268.01566,267.5136,267.14868,268.71204,268.54803,268.07556,266.30914,267.31622,5.543427
2010-12-11,265.64624,265.7941,263.19177,265.41388,266.01978,269.90576,273.5968,271.361,266.69397,268.20035,6.936779
2010-12-12,270.36536,269.68085,271.21182,271.53003,269.63416,269.69885,270.25497,271.44025,270.38992,267.7775,5.737875
2010-12-13,272.0279,270.91785,269.74432,271.39392,270.59222,270.7433,269.42902,267.09033,273.9859,267.58154,5.6072636
2010-12-14,272.75937,272.0318,272.0671,272.5142,272.56604,268.09222,266.79065,270.51666,273.8212,267.16644,5.2385817
2010-12-15,270.75073,269.38187,269.51364,269.12067,269.9359,271.71896,270.97327,265.14893,274.40054,267.0802,6.3878803
2010-12-16,272.03012,271.54413,270.95642,269.87463,269.27087,267.21512,269.2496,271.93402,264.70807,267.91965,6.0855274
2010-12-17,266.5207,266.57874,266.23837,266.16998,266.43835,266.43256,266.0481,266.6087,270.91632,267.20517,5.66581
2010-12-18,264.3665,264.6723,264.9235,264.76678,264.50977,263.81055,264.1129,265.08386,266.3233,265.82526,6.441485
2010-12-19,263.948,263.28925,263.1186,264.25052,263.4496,263.44495,263.6886,263.91498,262.5741,266.4227,5.7249045
2010-12-20,264.11127,264.03754,263.45953,263.34613,263.5667,261.36124,263.13147,264.3618,264.3202,265.87457,6.8546453
2010-12-21,264.04376,263.12375,263.11646,264.4049,264.99097,263.74536,263.23444,266.51105,265.761,265.28143,6.4065876
2010-12-22,264.10403,264.5255,266.29288,266.20062,264.36884,267.26843,263.9729,262.94885,263.67133,264.9048,6.9509974
2010-12-23,267.00745,267.06396,264.18872,264.0683,265.05307,267.45447,268.4731,271.4079,260.70673,264.203,7.4368796
2010-12-24,271.31647,270.9195,270.5823,268.9571,269.0478,266.45535,264.89374,269.53735,268.91882,264.3805,7.394376
2010-12-25,273.67914,272.7434,272.4895,272.79132,271.56873,268.197,266.24585,263.91907,268.97064,264.14233,6.796333
2010-12-26,273.55286,272.27182,272.88626,271.90833,273.06366,272.42523,266.92065,267.11896,268.19925,265.0039,6.416537
2010-12-27,270.92844,270.51508,270.5241,270.3501,270.90295,271.69565,270.4443,270.2284,269.14618,263.30832,5.967879
2010-12-28,268.89252,268.7505,268.32843,268.16724,267.72546,268.9033,269.98288,268.24152,265.0943,264.6232,6.1613283
2010-12-29,269.21765,268.97015,268.97357,269.11035,270.02954,269.85297,266.98932,268.13528,267.9519,264.5714,7.557084
2010-12-30,268.3075,267.58368,267.75934,269.34802,266.7016,271.2182,267.5666,269.64313,273.69653,264.05713,7.452442
2010-12-31,272.01532,271.253,272.3598,272.60416,271.3999,270.44165,270.24716,271.6297,272.24915,264.85742,6.9439645
2011-01-01,,273.17328,272.57596,270.78522,269.4488,272.64798,266.784,269.87787,272.56955,,
2011-01-02,,,270.72607,271.13687,271.4876,271.89905,268.94916,270.70782,269.41653,,
2011-01-03,,,,268.13382,268.4566,268.15466,269.63513,270.7146,269.26804,,
2011-01-04,,,,,267.8537,265.3494,268.20627,264.9455,268.0098,,
2011-01-05,,,,,,266.8901,264.7036,269.05347,264.63965,,
2011-01-06,,,,,,,268.9237,264.40018,270.17905,,
2011-01-07,,,,,,,,267.01047,264.49524,,
2011-01-08,,,,,,,,,266.9705,,
