iso3,year_all,corr_d01_all,corr_d02_all,corr_d03_all,corr_d04_all,corr_d05_all,corr_d06_all,corr_d07_all,lat,lon,year_subset,corr_d01_subset,corr_d02_subset,corr_d03_subset,corr_d04_subset,corr_d05_subset,corr_d06_subset,corr_d07_subset,income_group_2020,gdp_pc_2011_2020,log_gdp_pc_2011_2020
-99,2015.5,0.7382453135265228,0.7098125081363336,0.7096062440825348,0.6863817396543712,0.6500819229022917,0.6133932576136678,0.5285254696029307,39.521583271924776,7.867134756651987,2015.5,0.6907975806443208,0.6749483391403973,0.6560192444134729,0.6246874129808588,0.5906737899038167,0.5628425562882041,0.5032109486522698,,,
ABW,2015.0,0.4516198747714734,0.45780449532654327,0.4370947967910638,0.40033344160811984,0.37829779026388927,0.3312158315216469,0.32737766049922473,12.79660449908491,-69.7889877910348,,,,,,,,,,,
AFG,2015.5,0.7361444044234571,0.7236392881451492,0.7054530102645533,0.684627549769493,0.6592013791725485,0.6195779556499208,0.5788802822314407,35.29062291356142,69.09053681932508,2015.5,0.6452729752829385,0.6354585503809457,0.6230691539534707,0.611981549792902,0.5881517860598341,0.5503609412126711,0.511196389557567,Low,2080.890892889107,7.640551394884147
AGO,2015.5,0.3599582200739173,0.34418486680892346,0.30676253049912483,0.2861901605045838,0.27408907147967926,0.29016238466614486,0.24841923788932702,-9.49243582830614,14.026635375009098,2015.5,0.46716046583751336,0.4151317665983146,0.36486058902507346,0.3395239968974245,0.33572582643807053,0.3263546278532605,0.28346841980048654,Lower middle,7414.520047931143,8.911195525293206
ALB,2015.5,0.7875568220924316,0.7698639328403242,0.7639799412741293,0.7489801789661696,0.7061247192131693,0.6602358751299391,0.5783718532929746,41.647766421564675,20.18498634491855,2015.5,0.8022838415008573,0.7913805483477623,0.7772118915191177,0.7494116761426436,0.7147244892788457,0.6615008162368985,0.58485308520432,Upper middle,12241.62499122117,9.412597307975076
AND,2015.5,0.9041570366441706,0.8917128123907491,0.8715826042018474,0.8357762915390745,0.7867287830492765,0.7102771897097642,0.6141593745556565,42.59618301847487,1.1007678347682597,2015.5,0.9199823647891552,0.9072566297944606,0.8882652637598089,0.8508755092062522,0.7999138617922199,0.7146362860267848,0.6142245544612891,,,
ARE,2015.5,0.7285997093485315,0.7093447066765826,0.6951993234877948,0.6713943957200204,0.6309078620673378,0.5829671109759286,0.5399355279491029,25.071776055119653,55.43854309102916,2015.5,0.7423402253820932,0.7250586335292997,0.709860115259594,0.6811666269340062,0.6421924477997523,0.600491062363046,0.5526281284981682,High,66595.79168091477,11.106396666557783
ARG,2015.5,0.810630145657532,0.7941724550110847,0.7795407674919725,0.7582582789351284,0.7222535186333419,0.6631856770088541,0.6127560261338848,-32.29628871059681,-62.18321297505388,2015.5,0.8231140856696136,0.8067049082822448,0.7923369624420629,0.7661392878221231,0.7279606718100409,0.6789156739364686,0.6038941033226838,Upper middle,23196.546973328448,10.05175870922049
ARM,2015.5,0.7805897188113085,0.7730741454881394,0.7583890152306454,0.7230765004726476,0.6961405124255902,0.6470137596244232,0.563890502834207,40.567793644841366,45.23672327612345,2015.5,0.8633057466111402,0.8531497083148258,0.8385494688995616,0.809991701226024,0.7720778776467996,0.718710643800829,0.6384547249671069,Upper middle,11812.671315797204,9.376928074621462
ASM,2015.0,0.3620980016489524,0.276578696169169,0.19933090329099856,0.29162144961752157,0.25957399859241154,0.23044848208964908,0.19984921319789756,-14.348648170690318,-170.71668148780935,,,,,,,,,Upper middle,,
ATF,2015.5,,,,,,,,,,2015.5,,,,,,,,,,
AUS,2015.5,0.7758832607899986,0.764598883118408,0.7476352435228815,0.722405369432848,0.6829886726775384,0.6031167207822683,0.5438724810740171,-33.01694919012682,145.02659430161492,2015.5,0.8142277376456093,0.8032452228535906,0.7866357137097475,0.7628320694700047,0.7228373852024037,0.6659737755219768,0.6030390219466646,High,47700.77630011697,10.772702951379578
AUT,2015.5,0.761245849790263,0.7440469506601582,0.7245274814710468,0.6980895495066551,0.6537598418584164,0.5918719918305081,0.5105499729973471,47.563739037840676,13.943223343713063,2015.5,0.7537863661842563,0.7396627129991846,0.7202264668647761,0.6915395273207114,0.646448861103643,0.5837202609345566,0.5017959959802515,High,53581.1973757329,10.88895349028699
AZE,2015.5,0.8240327992154999,0.8132402496161519,0.797216420914134,0.7720611542363782,0.7332740046354396,0.6814983814063298,0.610473200755706,40.05028805901971,47.090472219265855,2015.5,0.7941463769856518,0.7866107790028168,0.7738891265287021,0.757176585822896,0.7200077081736822,0.6723460010402491,0.6045359580906247,Upper middle,14304.5558144568,9.568333353933035
BDI,2015.5,0.456798584807517,0.43138195183591554,0.3728747047024853,0.36413078771929314,0.35979744677595116,0.3297521546958955,0.30050709776895596,-2.555431881511201,29.689040209987958,2015.5,0.4787862809398957,0.44364707591285857,0.3964592796524097,0.364288932579736,0.36844472409286266,0.34523224350343995,0.3287110001869795,Low,775.6056543840933,6.653644213677267
BEL,2015.5,0.913390900582273,0.8943363754853231,0.8705186266107235,0.8357549617882063,0.7835228545756554,0.7089424500252576,0.6158122477306083,50.897162146016335,5.171789612311674,2015.5,0.9142450270690856,0.895246780585867,0.8703243870456996,0.8347670846593559,0.7845376036328875,0.7105785796803696,0.6133017982647929,High,49511.71999233481,10.809964688053691
BEN,2015.5,0.25931869886554554,0.22793510655049923,0.20447669774107494,0.19990150749179833,0.18446855324022987,0.1720350540988586,0.1769772194981488,7.501520438458653,2.4797864325414207,2015.5,0.24292383359236056,0.21859257800370405,0.21086413990628072,0.183235704886363,0.1815498862948683,0.18556460602341712,0.16458323090667545,Lower middle,2901.7351195105903,7.973064154126887
BFA,2015.5,0.5475853067622601,0.5102955960557778,0.5109982598294639,0.4796689372284687,0.45658824578704316,0.42475292845294066,0.3923272945930506,11.91794865647994,-2.0014367037696355,2015.5,0.5535784244971795,0.5171863667330966,0.512191833957541,0.484466346064961,0.4594612736852236,0.42307265473698663,0.3937585834041965,Low,1917.949409334953,7.559011878314985
BGD,2015.5,0.5702579326611102,0.5310414510339625,0.5044182454153187,0.48511785282046516,0.4589564538997027,0.4248012588563956,0.3921551189699367,24.064882691340166,89.69849682818558,2015.5,0.5781030855276993,0.536625264078028,0.5116190585190458,0.48983970756010625,0.46213118591263047,0.42913196604996295,0.3970936914655304,Lower middle,4532.045975739612,8.41892876678744
BGR,2015.5,0.7967151268347347,0.7777830580132473,0.754811145478391,0.729302894036105,0.691272283458158,0.6451336055582251,0.5645142374852917,43.26330945950657,25.60099190496273,2015.5,0.8583803877827826,0.8402004314497781,0.8190931746048111,0.7934633361583071,0.7529122812611073,0.7019593808370106,0.6316989671818172,Upper middle,20587.46934325729,9.932437885389817
BHR,2015.5,0.76522237300417,0.7434297122360296,0.7262303086422202,0.7142969614238419,0.6874410932692253,0.6376798517656892,0.6053869066752334,26.28019729704506,50.588611254592934,2015.5,0.771096319173165,0.7520518105165672,0.737260305299624,0.7232859881577369,0.6984828871550729,0.6432781156205539,0.60842018061633,High,48481.57105963232,10.788939026563673
BHS,2015.5,0.5004736273317387,0.48808626960189844,0.4776387085637774,0.45809207157477605,0.4331792881805191,0.40883107462890206,0.383970717869783,24.664380878739347,-77.6445108603519,2015.5,0.5004736273317387,0.48808626960189844,0.4776387085637774,0.45809207157477605,0.4331792881805191,0.40883107462890206,0.383970717869783,High,33626.915453437505,10.42308208043968
BIH,2015.5,0.8367168348894578,0.8207597503191156,0.8053877364180199,0.7810017448547402,0.7442315208346658,0.6836147498957069,0.5945080922767614,44.37153260938338,18.58047697533366,2015.5,0.84723456164131,0.8327694167834098,0.8181859812191554,0.7937899139862739,0.7571683301285728,0.6994759794591964,0.6075810196244292,Upper middle,12682.68789932209,9.447993184968555
BLR,2015.5,0.28921516521569723,0.26599647462581255,0.2432142628810084,0.23242947031284764,0.21283935594753728,0.17900813209015318,0.13027077519695557,53.36936332277206,27.895462203407657,2015.5,0.30828380500904806,0.28318858426562094,0.26278874134927727,0.24761736166432283,0.22745350753362653,0.19094829937879884,0.14498829455598203,Upper middle,18689.17077056147,9.835699531919136
BLZ,2015.5,0.8028434414247583,0.7897803071479627,0.7817188929403664,0.7611223893379486,0.7429764913092197,0.6939971647859917,0.6491474891024567,18.06935153005184,-88.60030053803482,2015.5,0.7932551780207178,0.7811581482748631,0.774445937830791,0.7530580751808661,0.7374128072967643,0.6899640004280653,0.6422901367816547,Upper middle,8907.484961944696,9.094647209232111
BOL,2015.5,0.5483165915090813,0.5351160038633574,0.5195604571117254,0.5063553727304636,0.4933113386888138,0.4616490628461779,0.4282875557625436,-17.031671068701534,-65.75564226423687,2015.5,0.45677396078884414,0.44433543279906873,0.42919604784637366,0.41875066462743016,0.40434847903820537,0.3807276571573593,0.35536830115916146,Lower middle,7734.371354093481,8.953429486801111
BRA,2015.5,0.6820220179708413,0.6496540303775593,0.6239713215844802,0.6012646376624251,0.5730315357616992,0.5431574478432162,0.4993301223466794,-17.648931566401995,-45.806904795906114,2015.5,0.6949331714397406,0.6626372565398091,0.6383360461842635,0.6130068941859906,0.5834035769182986,0.5533972018681201,0.5107021055094967,Upper middle,14936.255944869928,9.611546821180115
BRN,2015.5,0.4473716342718032,0.3797249443836789,0.32134074949676006,0.29294801477340077,0.28473733412601204,0.25978819630082695,0.2530138829703527,4.722394642383004,114.61017249373711,2015.5,0.4034662141605779,0.329518470875528,0.2662618795273647,0.22923714040141538,0.23940375619355986,0.22127048389264142,0.21922756428207268,High,62949.84205598183,11.050093530430138
BTN,2015.5,0.5334384880189683,0.5012279189873101,0.4852834378720054,0.46691201287893086,0.4428637361574784,0.42208841603121455,0.3879810580451667,26.449964194987437,90.02192703771662,2015.5,0.5232304249863924,0.4876860763074961,0.4667171865284591,0.45031893736990075,0.41972912729586553,0.40288464556776793,0.3620706778822488,Lower middle,10064.484330786288,9.216768102860376
BWA,2015.5,0.8156093599334276,0.8111808270634064,0.7919011826622474,0.7600577423070652,0.715320034403125,0.6615563284923474,0.5981406234503234,-22.655619845378773,26.46417378097913,2015.5,0.8293648728297128,0.8112141084307062,0.7897902227615141,0.7580274591955332,0.7156022626581836,0.6628513278034439,0.6016966395133964,Upper middle,14137.47355913698,9.556584250158222
CAF,2015.5,0.2900364114102837,0.2595676632308865,0.19593502839144006,0.18575232511419532,0.15625123319939646,0.14440649018728885,0.1398842409675959,4.396952144123523,17.940614294318078,2015.5,0.28792917884777136,0.25770646820263854,0.19485272779045257,0.18408747734039424,0.15374425730665905,0.13771072425812605,0.13443919299680565,Low,891.545388205275,6.792956348183631
CAN,2015.5,0.06093454749986908,0.05151911717033201,0.041138171796858726,0.026796399806078064,0.012193803630379873,0.006026225142522029,-0.002930797918131256,45.74043089615008,-86.58132611122332,2015.5,0.10163198072803384,0.09348956552992835,0.08380434617718824,0.06889231499479793,0.05131707568672343,0.04220630500205395,0.025227108676291847,High,47371.3628815983,10.76577316648974
CHE,2015.5,0.7965917493071375,0.78283245013376,0.7641464470717766,0.7364180258318311,0.69318727398953,0.625075215315393,0.5543313851521099,46.458946749968135,8.31466493276908,2015.5,0.8100041869703768,0.7955148342743492,0.7755569311682258,0.7484639408312692,0.7034690116305392,0.6343747341191753,0.5648687813997315,High,68431.61163391467,11.133590155238911
CHL,2015.5,0.5853035788750771,0.566609899890842,0.5589539072528036,0.5431466374642173,0.512912030993414,0.4370854015661929,0.42319715822892984,-33.957858588922264,-71.04688761436128,2015.5,0.584865980881643,0.565261835954429,0.5556768505450485,0.5316958121373342,0.4958625702237704,0.4512030886967495,0.39826523724764756,High,24051.77993289087,10.087964282478938
CHN,2015.5,0.7009108448064291,0.6752839363773324,0.6499284338174279,0.6217931248774187,0.592632043998704,0.5583987737695209,0.5113274840280619,31.679302250200124,113.61541786028792,2015.5,0.6945435080752215,0.6695173620384535,0.6456130466878225,0.6186826941663304,0.5881305620374926,0.5527173836033688,0.5079912051842317,Upper middle,13066.772734602093,9.477827854521536
CIV,2015.5,0.2775621900373312,0.26191584576998783,0.24972650347226147,0.2007726934371888,0.1986931631883075,0.195211132155369,0.18643541916468473,6.303757440584237,-4.717071073183904,2015.5,0.2775579597700307,0.25572940031341257,0.24206804954901476,0.20860343303526735,0.20337947363520364,0.18786506476674186,0.183597936685533,Lower middle,4386.520390107207,8.386291569934976
CMR,2015.5,0.35849002675411323,0.3134364197514281,0.2954250367096743,0.29469114918829503,0.28882797965817547,0.27177369176472316,0.24383998564878967,6.579704882413506,11.840326866203217,2015.5,0.30454757184720826,0.2645574347347214,0.2451263986191506,0.21538984760813312,0.20894910885542797,0.20591424577921463,0.17196098499386583,Lower middle,3578.7052089589,8.182756340499953
COD,2015.5,0.3537135376840529,0.3050078582408493,0.2515626041060916,0.24308263905771263,0.22516001284312287,0.19955145002302743,0.1671397870108337,-3.6177250579103015,24.292453489933642,2015.5,0.18675583426185574,0.09807390592569898,0.04986765916536226,0.054243258008808526,0.030472356702434367,0.01545647636104915,-0.009367155758348945,Low,994.4413845451436,6.902181156934238
COG,2015.5,0.1801800615061246,0.09653474308342024,0.02977603896268786,0.017999210298289398,-0.01489476337567629,-0.014219715715276068,-0.0436551506755652,-3.1881952412193213,15.754423353381046,2015.5,0.12927749407849248,0.028736533367896933,-0.022902632614499843,-0.02063800210772981,-0.04173950383579958,-0.05910577596896758,-0.07778893911255573,Lower middle,4493.0223911609055,8.41028089262349
COL,2015.5,0.3383330086847803,0.3202454372640576,0.31156847795542564,0.2842394701225018,0.2842926916985468,0.3137601265122516,0.25198005704680676,5.9577230312475775,-74.99716002022498,2015.5,0.3925590698772349,0.3778737521207133,0.35681254412097696,0.33409170130240284,0.32402956551246825,0.3063459483722465,0.2919126112464746,Upper middle,13825.5329686695,9.53427237672663
COM,2015.5,0.34521181861582123,0.29037250569828765,0.2519903842318758,0.21189352093499805,0.17673782697949414,0.18161015337198766,0.14180662908956276,-11.564987501328035,43.293483625252726,2015.5,0.34521181861582123,0.29037250569828765,0.2519903842318758,0.21189352093499805,0.17673782697949414,0.18161015337198766,0.14180662908956276,Lower middle,3195.308439212909,8.06943890024694
CPV,2015.5,0.6684844443157971,0.6620086085219654,0.6360684499392579,0.6197374708902196,0.5740274953163472,0.5404514287696083,0.4974503862437875,15.313409104825192,-24.141774542797503,2015.5,0.723840329134031,0.7121929894484652,0.6846259668402498,0.6671898422141878,0.6180490205565713,0.5863289335609624,0.5328427803282697,Lower middle,6156.873405095393,8.72532436356541
CRI,2015.5,0.3641892597572766,0.3636291402255429,0.33929462257088533,0.31788447471174913,0.29173136802752747,0.2621133539454644,0.23711509085002241,10.042339968577977,-84.26903194087477,2015.5,0.31837092647267806,0.33014447031762983,0.3074181406125392,0.28527128083624936,0.26936391992282716,0.24331826894448882,0.21368672940799832,Upper middle,19134.56823583648,9.85925183349948
CUB,2015.5,0.628997252688106,0.6070864606806136,0.5904252293268936,0.5632005654393442,0.5320641495618976,0.4938797039750332,0.4445391491283469,21.87224189109024,-79.53990278318803,2015.5,0.6115660998963537,0.5822690993744668,0.569793439890255,0.5424473903412059,0.5081500230791014,0.46651293739709787,0.42411626637614824,Upper middle,,
CUW,2015.0,0.3632732493164866,0.34912838116473743,0.3260783128935038,0.3079341152940759,0.27454458999473175,0.2693436788868515,0.24561253615784265,12.167558499867791,-68.92030145261789,,,,,,,,,High,24955.54615133402,10.124851367111392
CYM,2015.0,0.3791920230606938,0.3959139142787107,0.3617214602144226,0.34283999488981787,0.3312064813127846,0.290028532132972,0.2586950955494389,18.968519544616782,-81.05438965686255,,,,,,,,,High,68971.01129564228,11.141441569151567
CYP,2015.5,0.7420374070925946,0.7267407452796308,0.7121661888135622,0.6905170739325392,0.6637092706830072,0.6253487824109007,0.5795581236581671,35.142143999284315,33.0834088801906,2015.5,0.7232131960638122,0.7010609655226,0.6898116773197234,0.6667924249152318,0.637984715178179,0.6023582700439557,0.5500669285235046,High,37104.83515625,10.52150256776534
CZE,2015.5,0.7719091167932753,0.7510136142427453,0.7310267134661833,0.7063925580837424,0.6587120508004561,0.5921028517599113,0.5074353149465461,49.88513662692231,15.921308573085266,2015.5,0.7620348683410112,0.7444106109395368,0.726425980998691,0.6993511228225653,0.653805594284963,0.5876548710075069,0.5050296591210135,High,36731.772019915006,10.511397382134467
DEU,2015.5,0.8613543886024677,0.8437432993047397,0.8210663743805252,0.789651049901826,0.7379535707307465,0.6623701058753448,0.5749391092849127,50.616542488749516,9.398456372786038,2015.5,0.8605832791068684,0.8424292349755899,0.82059368508784,0.788262099040179,0.736894944751451,0.6637164846863224,0.5743416296474999,High,51568.65372269717,10.850669280881034
DJI,2015.0,0.1569136082851682,0.14624202805951897,0.1321006715079781,0.09187567548317584,0.049703431262109264,0.024587098957577994,0.023686272517436425,11.675774495429526,43.11555711334194,,,,,,,,,Lower middle,4305.815110831294,8.367721739434256
DMA,2015.0,0.18498587491934237,0.15895170303335757,0.15308392889615796,0.13356189885481218,0.1059738849306329,0.07750239504189417,0.07913671234388776,15.782307520065395,-61.708234346477816,,,,,,,,,Upper middle,11948.54100518564,9.388364458289605
DNK,2015.5,0.8201621038710464,0.8005146240155885,0.7769096302942443,0.7360663186762131,0.6818382780660961,0.618212774449603,0.5525260014566136,55.70803679002428,11.083862465202191,2015.5,0.8169895082379826,0.7992829016758068,0.7745428746150067,0.7347006571118317,0.6801862752812,0.6206157749704713,0.5546791333099581,High,53698.27887085472,10.891136229161246
DOM,2015.5,0.3380916416806651,0.3342652869802087,0.3172868328907214,0.30788154451101074,0.30782309003904124,0.2902700628620676,0.2793345867492075,18.69993063120695,-70.83126525850378,2015.5,0.5312773510272224,0.523788724930515,0.48516882702690517,0.4715172690760121,0.44800833417240515,0.4268416657737736,0.4081785741694609,Upper middle,15394.429760348208,9.641761019097604
DZA,2015.5,0.8355833973285929,0.8238374374642724,0.8055472473780505,0.7718959461482078,0.7218798890323154,0.6559832762523984,0.5743737802204398,35.63975799685737,3.6260020022970147,2015.5,0.8381758982271981,0.8240704917682355,0.805378363844698,0.7702176254218335,0.7183135304520072,0.6511576795459899,0.5631805325320979,Lower middle,11495.39358868416,9.349701676601029
ECU,2015.5,0.41072902121408805,0.3691143636940927,0.35574343248203105,0.33669477540910175,0.32400201177126486,0.30508227337632376,0.28874849669731,-1.7497663499833127,-79.3298627171136,2015.5,0.36625051819968907,0.3552623413152908,0.33343458498910306,0.3043681042704209,0.3051187318480264,0.281142412584343,0.24455535925058075,Upper middle,11482.46902298248,9.348576718437327
EGY,2015.5,0.842213870672673,0.827665945978541,0.8046987605113219,0.7785666552840309,0.7296372565847437,0.6793110578032103,0.6251524737699086,29.475391859516588,31.31637322777137,2015.5,0.9046794504930675,0.8859703367655063,0.8660152046872437,0.8369247632632257,0.7892999963708168,0.7367796102093557,0.6805863221694907,Lower middle,10305.501583668232,9.24043316595548
ERI,2015.0,0.46558163831415933,0.4312583935672868,0.3885761233963812,0.3391020913737244,0.37757230791324037,0.31304630316744414,0.2935823279890617,14.91476865356902,37.16983140230826,,,,,,,,,Low,,
ESP,2015.5,0.8174585569854417,0.802727910544762,0.782757949197074,0.7500248263234233,0.705685723314983,0.6392850613093886,0.566599406459247,39.635135464328464,-3.0732608481303707,2015.5,0.8158677074568056,0.8012384797022376,0.7814262599269928,0.7496351937202059,0.7063745967175779,0.6414900881019309,0.5692471863588857,High,37630.40953019808,10.535567766605544
EST,2015.5,0.32319443266692954,0.30748048182385723,0.2870762753651541,0.2683570593741457,0.23777898294432057,0.22766993106243266,0.19743211268434502,58.94748831511545,26.2187023381348,2015.5,0.3601781956730725,0.34262964287069864,0.3217813431460329,0.303018979485775,0.264200901728233,0.2511044673184779,0.2151863831000636,High,32089.291067569528,10.376277641855182
ETH,2015.5,0.507066622962434,0.4986464815941815,0.47458838600385433,0.45685223704597827,0.4470410995736562,0.4273991787529036,0.40404775423681105,8.986272605070107,38.38634094538431,2015.5,0.5313969347603068,0.5181486367229551,0.4958658900380442,0.48069986149646626,0.46824620510169995,0.4481344079384876,0.4242051786791835,Low,1800.0016026795845,7.495542834261407
FIN,2015.5,0.23441105314396565,0.219088650564598,0.20472113669938025,0.18651168328727258,0.18874317944457344,0.18834969330726492,0.16681727555755205,61.593671828923945,25.275540113613847,2015.5,0.2538256568738465,0.23501854239002212,0.21888248525241516,0.19758505113225008,0.1893442118343554,0.18464080658587062,0.15244346576918008,High,46600.87968088138,10.749374697207696
FJI,2015.5,0.6324369266215064,0.605712122287271,0.5750179559986954,0.5482709273162434,0.512468445902862,0.468408115310183,0.4341633940165144,-17.789951947922155,178.25099942425442,2015.5,0.6440624560044524,0.6161950194092924,0.5882071702321624,0.5619724530824936,0.5168071467136885,0.4714839728345178,0.4493085352350811,Upper middle,11728.84003913914,9.369806048363806
FLK,2015.5,0.7700311281014093,0.7554211335763246,0.7223798430939816,0.6861873284603581,0.6149749759951565,0.5578554495065321,0.48926293300496476,-51.82469892007564,-58.316976663851996,2015.5,0.7653372260040714,0.749300755170556,0.7255175608295901,0.6865978840979198,0.6394574445362435,0.5716263899851746,0.509042490663054,,,
FRA,2015.5,0.8526315692703001,0.837341701826108,0.8148584262127917,0.7826379072658728,0.7342628756018411,0.6632898176252133,0.5802851953722308,46.43676687516283,3.0534890372419246,2015.5,0.8618971253841423,0.8454530751979872,0.8222087306295769,0.7886834690009021,0.7399916978266715,0.6702196314684556,0.5838992497139065,High,43651.66896505267,10.683996795704104
GAB,2015.5,0.23139315155475892,0.16426083484170423,0.14514801266330907,0.137783435244538,0.11340529033369084,0.08900540686981544,0.09432587521458442,0.29059851800404435,11.000084773995129,2015.5,0.233985034887037,0.17082027937781663,0.15164437205422462,0.1452556058533631,0.11937211510827699,0.09185527198455637,0.09919266152514793,Upper middle,14474.34115254197,9.580132785173312
GBR,2015.5,0.8926065225541633,0.8701840490182848,0.8377658616692394,0.7948180201099498,0.7363875295005021,0.6605304583487971,0.569586843920025,52.72488804971308,-1.6720906671618234,2015.5,0.8936840546688893,0.8712192660235129,0.8395104397593732,0.7971842861566765,0.737130659632724,0.6609266074514318,0.5695319814094977,High,44565.34778540338,10.704711880537584
GEO,2015.5,0.8188540039121388,0.8103934915768052,0.7931302658093724,0.7689841075331987,0.7288000556129414,0.6719926184686512,0.5961346574272227,41.706670644101976,44.078498864221466,2015.5,0.8688929149484552,0.8598686716394021,0.8449912917276426,0.8176805142882426,0.7764048097139178,0.7147002567602173,0.635847694942828,Upper middle,12819.95456667331,9.458758186527142
GGY,2015.5,0.8136570378437551,0.7965218541076855,0.769019181094947,0.7342772302062037,0.6816724040128996,0.6151553865287374,0.5304459516958436,49.13935200114325,-2.4443371935350813,2015.5,0.7978061354886803,0.782251450337323,0.7531943126070868,0.7191007377655354,0.6690213333718357,0.6054516669176084,0.5287137523294294,,,
GHA,2015.5,0.26558900420923515,0.24952957631740244,0.23600466659342145,0.2008439153710675,0.1992476584535751,0.19876718783881936,0.18526055920274345,7.015740284727755,-0.9028674449322167,2015.5,0.2255040687611039,0.21217714284595113,0.19965015503040678,0.17576639838106214,0.16136865182423119,0.1525206082032941,0.14515179814907808,Lower middle,4771.295198688072,8.47037307714804
GIB,2015.5,0.6493648990475464,0.6348079300802808,0.6227627877217979,0.6005284247045803,0.5559448361901763,0.5008189483322527,0.4543756423884818,35.76180012341906,-5.61275880049359,2015.5,0.638368240392977,0.6234968052861047,0.6122467523139006,0.5894620657359846,0.545494917072805,0.48975319924466854,0.4401605831398495,,,
GIN,2015.5,0.3907723204622308,0.33680356951163654,0.32042850531312994,0.3006883167791451,0.30590409246370615,0.28803445443552184,0.2809579895845766,10.212103170299354,-12.659579013318076,2015.5,0.5100034553969663,0.49085701518211033,0.4703904106037222,0.44565683376671233,0.4031500559110682,0.368095093731888,0.3439132501115522,Low,2219.8448849042697,7.705192600760443
GMB,2015.5,0.5942630826580101,0.5780877318166718,0.5588715396184156,0.5375677805912494,0.513278725516519,0.4949509946706323,0.4533273831343324,13.521121720981464,-15.603178013553745,2015.5,0.5968012470270488,0.5812810705067368,0.5550031746586659,0.5337120058646541,0.5155703916754517,0.48320603168713266,0.4469478627627163,Low,1962.426206320035,7.581936847074454
GNB,2015.5,0.4863443382167218,0.4748005477700902,0.4350397435622561,0.40583309826320946,0.38388028813866615,0.3620148046174703,0.3157367274059815,12.450338531155854,-15.395285289874346,2015.5,0.4813110038819904,0.4771910573405074,0.4305850040537056,0.3977030882630945,0.39049537169884097,0.3541841226358383,0.32629081639049995,Low,1788.374067403096,7.489062143809097
GNQ,2015.5,0.22655130144582297,0.15952666650435968,0.15951895289011805,0.1438026725619963,0.12233250502692346,0.09480054695011464,0.11144241222882958,2.2779107160952083,9.621237612652028,2015.5,0.23925127704143828,0.15883500189358132,0.14897525642977033,0.159931782197908,0.13077855100934604,0.08860262662203403,0.11189771404878943,Upper middle,23431.76021717416,10.061847655319932
GRC,2015.5,0.8422838798773935,0.8321412660272266,0.8161335998095256,0.7920914101535768,0.7569493751466426,0.7002882529817925,0.6373412052662946,39.026668182275266,24.235531196970125,2015.5,0.8553305913196174,0.8439204230270443,0.8282502557321116,0.8024122724432216,0.7672107156912406,0.7112810465323468,0.6472177608583498,High,28565.33181490657,10.259949087226456
GRL,2015.5,0.2071617552688419,0.19390131577969785,0.19245840683727874,0.19947131858935852,0.20732079278133844,0.2211315915958497,0.22940889871771172,65.93517667074548,-51.74606208663668,2015.5,0.34607821828500007,0.3358628554614304,0.3392237828623052,0.3445519740049777,0.3557721483204372,0.37058646408126095,0.3767180773473957,High,,
GTM,2015.5,0.5638493494195852,0.5510199905492332,0.5345472015992841,0.506171584519446,0.4814471231217303,0.45540308978516925,0.42668580085005575,14.952491597314168,-90.48266615894285,2015.5,0.6858852862885673,0.6769862078613277,0.6678874190509705,0.6422418312808464,0.6225165232385839,0.5871616078072404,0.5546337204860425,Upper middle,8095.288272537688,8.99903747666207
GUY,2015.0,0.3358818602221115,0.30002966274343945,0.27531327724332216,0.24737325854485703,0.24687277444827582,0.22355651168578639,0.19980074445088103,6.3739980505154135,-58.36171151082672,,,,,,,,,Upper middle,12314.7238571405,9.41855088700973
HKG,2015.5,0.8365309100211509,0.7965416413224249,0.7287428924219347,0.6960125600447676,0.7053809200064011,0.6760783463096194,0.5918362902689023,22.75467242893562,114.23497275289704,2015.5,0.8475184181225858,0.8012523181072699,0.7717261677875269,0.7401352024278427,0.7114148537759962,0.6776526379621048,0.6336265071391692,High,57053.12334156964,10.951738101233698
HMD,2013.0,,,,,,,,,,,,,,,,,,,,
HND,2015.5,0.5700173052057844,0.5469610063947982,0.5316164979325835,0.4986157849737446,0.4644203977195094,0.4351025946310273,0.38514751582568335,14.503021133286609,-87.64765992763307,2015.5,0.6132180827122679,0.5997736677197023,0.5850734405950354,0.5579967272913684,0.5336428503380661,0.49800203145298044,0.45507869485188124,Lower middle,5207.179446668592,8.55779361515187
HRV,2015.5,0.8462590638565999,0.8283978340727461,0.8104077941158307,0.7850244063297953,0.7461232560114317,0.6808568415694424,0.5927749643427799,45.251184008225984,17.396896641457047,2015.5,0.8627663089966184,0.8449177440831676,0.8283839178011885,0.8022498606108368,0.7635040016089809,0.6989497512865878,0.6061423788708346,High,25972.15040776974,10.164780104762453
HTI,2015.5,0.3855586406847503,0.3701275972277547,0.3806511824773745,0.3694513913441743,0.4277125246750019,0.37497108451483163,0.3992082052050031,18.417031235522913,-72.06494039559729,2015.5,0.5815521288592949,0.5763902890278622,0.5316859968561876,0.516080717453724,0.48568607874692094,0.46275338952130596,0.442129774684898,Lower middle,3100.943321464481,8.039461641430828
HUN,2015.5,0.8250633242671984,0.805428254788311,0.7844877701981066,0.7546406057333183,0.7142734973672343,0.6487911387206601,0.5713806788660248,47.50731405057259,19.21234023724963,2015.5,0.8204026279948206,0.7997352611575426,0.7788947638417927,0.7510069421386223,0.7111185448437274,0.6468264506282339,0.5699280487941107,High,28189.45763655138,10.246703344354128
IDN,2015.5,0.4031680937168004,0.3592035380882034,0.3308619557852587,0.3186404008231337,0.29903479146683354,0.27753360095031515,0.2530651042830319,-4.940845702822464,109.24510139281844,2015.5,0.40906713199648914,0.35998775892530255,0.33142005323335144,0.31951819150102423,0.30224019424734705,0.2802683296043934,0.25552164050814313,Lower middle,10314.148067024584,9.24127183043423
IND,2015.5,0.6194349018848448,0.5854096707994174,0.5540911675368806,0.5257216936769755,0.5004146821501609,0.4671585766515527,0.4346448108907358,23.248104842849305,81.04698509117972,2015.5,0.642781919429148,0.6095341326793875,0.5764603411752331,0.5469265550211971,0.5158452847223415,0.4862744778774816,0.45365427476874876,Lower middle,5524.9691191949005,8.617032937084343
IRL,2015.5,0.8965843077878137,0.8725159321328778,0.83028685834013,0.7791097260378411,0.7180376290172726,0.6375451788056391,0.542278725815968,53.44000633279212,-7.153037510049806,2015.5,0.8849035388543196,0.8602930226067007,0.8246110129592132,0.7794408837963485,0.7113289413161621,0.6183288154876101,0.5405520921032573,High,70149.07480921349,11.158377896694006
IRN,2015.5,0.8582606899726037,0.8427508300962128,0.8252259243797688,0.8020811678772244,0.7648232341263629,0.7163258738502889,0.6557022428090179,35.218126475833245,51.23680499041708,2015.5,0.8693598834805082,0.857968400073343,0.8437637029289032,0.8231887794383382,0.785318057896066,0.7250356756095926,0.6611677048120848,Lower middle,14578.44391562412,9.587299272543435
IRQ,2015.5,0.8784315223992213,0.8530401992568478,0.8460307581094968,0.8129824922215401,0.7746552673863433,0.7240302424433447,0.6633207377910628,33.52808852601263,44.51930437177127,2015.5,0.9133600614138851,0.8964529999102527,0.8739452598805595,0.8445034653044251,0.8103972409964865,0.7602396836448171,0.7018316248016985,Upper middle,9541.023954134162,9.163356091401054
ISL,2015.5,0.5201179706008066,0.5025526038821198,0.4723384803042661,0.44627906936218975,0.4179650094776034,0.35888067841938864,0.295969634696739,64.2402516967209,-21.62900326040731,2015.5,0.553007925763351,0.5354173995836835,0.5052801047048685,0.47898636675208117,0.4463482041979816,0.3856862231319822,0.3187400859047621,High,52560.71497387871,10.869724256069754
ISR,2015.5,0.8616029452371959,0.8570477133180365,0.8313304645208828,0.804585571240643,0.7634405707569696,0.7138593094655411,0.6574686834479297,32.430792496795576,35.283805402498125,2015.5,0.8681620019319425,0.8509425564593673,0.8300364073257454,0.7974437177765341,0.7531501955968788,0.6998164504468174,0.6430983414664306,High,37922.78662670768,10.543307440660158
ITA,2015.5,0.7828254189452821,0.7659100507532152,0.7456738421152626,0.714768195417697,0.6702676919453565,0.6165786917908589,0.5474636107325537,43.25048067868261,12.002444291378508,2015.5,0.8117773502166983,0.7981673419520857,0.7775731736132933,0.7473687441275623,0.7028852607266856,0.6435773759108099,0.5748916561219019,High,41107.75969888932,10.623952183123356
JAM,2015.5,0.42986845311807126,0.40575899725857256,0.3862058379346739,0.36411263722967546,0.3486330390495453,0.32416413206446226,0.30641361375107456,17.943104058051592,-77.25817263311261,2015.5,0.4429368618441535,0.41683036309474275,0.393410059177134,0.37297819772059865,0.35703470832049156,0.33226175740968705,0.3123345988408174,Upper middle,9829.756270779904,9.193169418406551
JEY,2015.5,0.8037434295162809,0.7874450335587906,0.7597358867310211,0.7253219983847967,0.6731885726437827,0.6096497801567272,0.5219626217646663,48.91944461189704,-2.56237593285512,2015.5,0.7840216077414811,0.7678970912580315,0.7390418752935198,0.7055338729892705,0.6564771453487835,0.5958934462613714,0.5183701250396043,,,
JOR,2015.5,0.8808764884964908,0.8678902041013258,0.8498788275218437,0.8249197950924412,0.7855944852977971,0.7346190674222255,0.6778588760576989,32.4523628723954,35.63560509627749,2015.5,0.8785802198540642,0.8618457514695578,0.8407894465518257,0.8107938333468796,0.7690845424484458,0.7149071262027975,0.657364580219044,Upper middle,10354.883579454648,9.24521353083598
JPN,2015.5,0.7553160766982998,0.734050835571869,0.7116941230397364,0.6839329158020149,0.6476454570002057,0.6108076196914557,0.5571544758755297,35.69293766004709,137.30187678319768,2015.5,0.751558633289221,0.7288734650654121,0.7079352695848481,0.676496349249768,0.6420722693656943,0.6051416857835904,0.5519363564362318,High,40214.153826533,10.60197429787679
KAZ,2015.5,0.4934518378746069,0.482575897435373,0.46657817399600826,0.44748693703330356,0.4199105922348217,0.39099115980781673,0.3504039697237918,45.609536106572804,70.09642131922449,2015.5,0.49750402319288084,0.4880912086269378,0.47280320121953084,0.4542450488482726,0.4285290724836307,0.3997948399747481,0.3601223316895256,Upper middle,24337.11388645142,10.09975778459113
KEN,2015.5,0.541668796023811,0.5133761041163757,0.4857089550364396,0.4642472282495226,0.4502842099598235,0.43120076757386594,0.41610192932762147,-0.5195598062652309,36.06260964319506,2015.5,0.5931281569543201,0.5597656905910559,0.5391042670402798,0.5258750456384911,0.5058856631829486,0.4872152550940901,0.46620892324956886,Lower middle,4201.545767008944,8.343207776325473
KGZ,2015.5,0.7097869752311499,0.6945759543668432,0.6772279869828455,0.654619965183205,0.6193058121213284,0.5783518792919317,0.5241183840033673,41.153926495828635,72.24957855632837,2015.5,0.7773848603013167,0.7603827623419758,0.7411181456151643,0.7153400672111452,0.6792481509084332,0.6351117953333754,0.5757667224859321,Lower middle,4782.939854348571,8.47281066872115
KHM,2015.5,0.5722433872422883,0.5389252933987025,0.5008128543866475,0.47618143353366904,0.45253464742964,0.4245073379391663,0.40244931253852617,12.654380004384908,104.27878912341548,2015.5,0.6347858674982892,0.607886293653908,0.5739235449153625,0.5444312571160778,0.5124391154113243,0.48813719463365973,0.45902859703200943,Lower middle,3671.174104485855,8.208266809363726
KOR,2015.5,0.4746036776817821,0.45552719350796683,0.44488468603906295,0.4329001422427455,0.4124369215891283,0.38087498574705836,0.3415313131514074,36.80124884792497,127.33804990322749,2015.5,0.45361247503381613,0.4337545872756562,0.424034488088176,0.411571613601052,0.39066181671498124,0.36130762900586316,0.32548582099475487,High,39314.88410140519,10.579358456472782
KWT,2015.5,0.8412750142969745,0.8213311744069696,0.7985971720221381,0.7755853397457377,0.7391212318044909,0.6946026175086806,0.6387137663101332,29.390050403172086,47.70175823681895,2015.5,0.8802516142948862,0.8653538428055585,0.8427951990649518,0.8257668734459707,0.7895909193184567,0.7623843565413893,0.7155381592078844,High,53205.237664750624,10.881912122828558
LAO,2015.5,0.6864928764093458,0.6744068529981969,0.6516246077858651,0.6276314000549844,0.6031842655241108,0.5815566927989025,0.5499320637991565,18.34743545311457,102.84766315814352,2015.5,0.70242501051867,0.6842552148274785,0.65862036526283,0.6353648727152426,0.6121202880177565,0.5912417247971593,0.5601378241809054,Lower middle,6618.442370999081,8.797615329855825
LBN,2015.5,0.8628550635410287,0.8524100291451682,0.8363408283489357,0.814895336560048,0.7799468537140042,0.7332205620758702,0.6774234976007303,34.01291548656104,35.78586806949761,2015.5,0.8566097707890412,0.8443035738866371,0.8257612106586697,0.800927968015063,0.7635183209901067,0.7176797725649815,0.6637985593204518,Lower middle,17405.56010785298,9.764544980586866
LBR,2015.5,0.1294344213732074,0.11178043795344328,0.103978303798646,0.08453064219765474,0.0579448480659646,0.08189967403631512,0.04814466471411264,6.2265650996500606,-9.865191774344904,2015.5,0.303053989692318,0.33763257120562673,0.30818341486000406,0.23746853713085914,0.248170021064929,0.2645860972986206,0.28455556804538074,Low,1526.519380200979,7.33074550793514
LBY,2015.5,0.7763163788684906,0.7527391990503479,0.7349058680147541,0.6931529159117497,0.6338508671788692,0.5447501084342318,0.46704924195667463,32.07719802292345,14.153788546862344,2015.5,0.7579258621256786,0.734300732998353,0.7115427922085408,0.6690554000140964,0.6175665718883613,0.5364842253340323,0.45419429931410427,Upper middle,22111.90264211367,10.003871323614218
LIE,2015.5,0.7286349334696555,0.719026614001366,0.6999439451565539,0.6737037589723882,0.6307723841705795,0.560185886571404,0.48008924097497585,47.35137808498668,9.39606824566244,2015.5,0.6602795178715632,0.6483718616431615,0.6295293398616288,0.606593868362779,0.5630838538466081,0.4965111810188034,0.41711280611175405,High,,
LKA,2015.5,0.5111904018367547,0.4777925032420948,0.44660643382469206,0.41556833762971346,0.38897595924454476,0.3689753665524343,0.3344288403817686,7.312918339880835,80.35470888125755,2015.5,0.4299307453560178,0.39957255872730996,0.3846606462881745,0.35926915064710496,0.3317956104960151,0.31816004575441836,0.28365749107145877,Lower middle,12408.696233744611,9.426152814963718
LSO,2015.5,0.8669052871593224,0.8499610490109089,0.8269749561085927,0.7856828614584166,0.73740136071251,0.6761482824578761,0.5979547905296378,-29.223936917542453,27.973625459834288,2015.5,0.8732092571020974,0.8512421293908071,0.8218331217632097,0.7953015995482356,0.7427952872568597,0.6819891540543951,0.6076182470942629,Lower middle,2532.336314355013,7.836897600018181
LTU,2015.5,0.44599180153442947,0.42256499885097315,0.4013443878676767,0.3787698371868288,0.3466737120185778,0.3018237290788896,0.2513826309343469,55.04417728811154,23.87872396899768,2015.5,0.44443713825051623,0.4212747648088821,0.40056938637347894,0.3789505708117156,0.34921719493188164,0.30287430463328585,0.2557971254893305,High,31797.778176251966,10.367151697656016
LUX,2015.5,0.8846302639791208,0.8664705571798972,0.8452393535762022,0.8166781430902146,0.7616530781548005,0.6867935927907253,0.6010336817409943,50.07777770732837,5.986769440042537,2015.5,0.887548570748438,0.8698444151738016,0.8493582959568757,0.8203605504439716,0.766417769598504,0.6948465393014867,0.6036675740959951,High,113641.0318844258,11.640799916219276
LVA,2015.5,0.4147535556781068,0.3934996682091474,0.37216145736176764,0.34501887569734213,0.31300402477480727,0.28266165724476444,0.2437119433500674,56.783154653684356,24.720314483136885,2015.5,0.36746415884550887,0.3469313300259171,0.32612491539431443,0.30094984790686474,0.2729226603791063,0.2430986338148453,0.2081801610907638,High,27069.62520569785,10.206167537137466
MAR,2015.5,0.7777414448115996,0.7623448785485732,0.7426167437263869,0.7154057930675654,0.6756394373806435,0.6041533264448636,0.5475776783786842,33.41818508357079,-6.295038121926643,2015.5,0.8056763713271898,0.7899891482481275,0.769536659788488,0.7411042256079783,0.699211536221623,0.6314030754462384,0.564193266725876,Lower middle,7311.71923828125,8.897233715006367
MCO,2015.5,0.7650776320420427,0.7537655027223422,0.7292625072064085,0.690679204133591,0.6442382791099882,0.5898661976696772,0.5275727834881463,43.39324528436669,6.812908850879856,2015.5,0.7756093911955552,0.7630654141454121,0.7394906331128277,0.6980660816573269,0.6512089287539979,0.5932228609143273,0.5293250462568335,,,
MDA,2015.5,0.7243620745367123,0.7008097511688873,0.6742825034406876,0.6412284756422425,0.6115772305391248,0.5607712379438186,0.49035188610537694,47.39374369189396,28.123494722160718,2015.5,0.7249748625519199,0.6987593375247749,0.6726152409258142,0.6451868566480562,0.603532841891208,0.5552815669821646,0.4824836387292909,Upper middle,10871.870642252929,9.293934057512672
MDG,2015.5,0.6596142402056616,0.6364371264199288,0.6198560483927983,0.5792941159419355,0.5347595051024902,0.47676062401199787,0.44132524332026435,-18.623063341768024,47.480150154426255,2015.5,0.7066231239608125,0.6813319192415581,0.6575695424668627,0.6239353672162192,0.5786504929561493,0.5264105295957686,0.4772973433765146,Low,1514.65304285748,7.3229416771000935
MEX,2015.5,0.6010762330039817,0.585560602249798,0.5680419621276644,0.5458723417626532,0.52065243068677,0.47974442481424395,0.43802635445956684,21.65823612180167,-100.38841913234772,2015.5,0.6121243035203359,0.5992595028601684,0.5829925564575256,0.5639189317661701,0.5379004956621605,0.5024432416737051,0.4620895424166383,Upper middle,19333.40722381484,9.8695898227746
MKD,2015.5,0.801296052480296,0.7795169463494226,0.7740886774518996,0.76010627942696,0.7158963607073594,0.6656776991474496,0.5860897521606779,41.610450245796315,21.06735245181276,2015.5,0.822089291978935,0.8078376296199543,0.7911278397870685,0.7641992119092313,0.7267849879620492,0.6720239950233503,0.5967265996154961,Upper middle,15136.55287554404,9.624867817814307
MLI,2015.5,0.5907494548633163,0.5619839838323963,0.5408185511184181,0.5133064877241963,0.49020480897912877,0.4583369329415283,0.4146639922638128,12.826213489678192,-6.525872280298536,2015.5,0.5938869057095222,0.5667471390935261,0.547459149391943,0.5219919419910749,0.49828940097643726,0.4640827604967302,0.42026689568541736,Low,2074.6973333634983,7.637570558586415
MLT,2015.5,0.5982570191238649,0.5923571341279186,0.5736048155292015,0.556919608374492,0.5305969869892889,0.49407583022336105,0.4378229668752699,36.26929702066887,14.740505801950741,2015.5,0.5982570191238649,0.5923571341279186,0.5736048155292015,0.556919608374492,0.5305969869892889,0.49407583022336105,0.4378229668752699,High,39406.55996588509,10.581687578023073
MMR,2015.5,0.5640454000495123,0.5445753348748792,0.5225148771939732,0.4963040991808249,0.4691080335567078,0.44170151001848834,0.40646173118416007,19.544699118068383,96.51944468524371,2015.5,0.5859016187163137,0.5627431178646318,0.5385958950406556,0.5116010558704687,0.4847986991200842,0.4528771080890703,0.4158678683589862,Lower middle,3977.752982657827,8.288472361623102
MNE,2015.5,0.7629879571541605,0.7340535211385986,0.736463441756039,0.7290101480624297,0.681058192905877,0.6411589893900242,0.5494507514456859,42.54472788235103,19.89245898365737,2015.5,0.8023540278126223,0.7928499898653739,0.7774322149062216,0.7539132687706177,0.718150237229625,0.6724463293088676,0.5957242431720114,Upper middle,18640.28460973094,9.833080356885405
MNG,2015.5,0.5422972301810478,0.5407040846323881,0.5301452473957239,0.5136287752777785,0.49386748058744184,0.4624486018664073,0.4306155150788283,47.924543665611615,105.17871424147333,2015.5,0.5479986215975245,0.5466667588303066,0.5376989858493242,0.5203251127300684,0.5019539527694253,0.4738054047264327,0.4410334170855571,Lower middle,10968.764076032814,9.302806882932495
MOZ,2015.5,0.7294772734899126,0.7110416355237346,0.6907010673403511,0.6693934537778174,0.630816530224798,0.5753966278149121,0.5311557493807848,-18.01512140241584,34.753812897713956,2015.5,0.7526575066401474,0.7319182269366966,0.7070552618088903,0.6819447994062771,0.6421599063389463,0.5925597022212343,0.5408850769847092,Low,1228.857022828516,7.113839766613359
MRT,2015.5,0.7802075185532839,0.7398051723032596,0.7259137844577064,0.6902692703593152,0.6536084049751932,0.6321630065563689,0.5860185774993443,16.377338444436774,-14.366173226808797,2015.5,0.7890581251387001,0.743715196913793,0.7322957068118112,0.7014651052367681,0.660167501226822,0.6327035637471379,0.5855322797874645,Lower middle,5135.363605219008,8.543905929051329
MWI,2015.5,0.6793153870591063,0.6588964091264192,0.6443709064114285,0.6257630085980479,0.5998845426924666,0.5400733796559717,0.5210636307882911,-13.902180630649585,34.37192204686311,2015.5,0.7221629538698368,0.7005786981092801,0.675078610923838,0.6460293283226523,0.6299520911777201,0.5867451933733334,0.5321913896535909,Low,1441.474233840178,7.273421642371482
MYS,2015.5,0.45464050667001404,0.39686733719636036,0.3614521318418432,0.3380301509657015,0.31488540167637996,0.2827739612436714,0.27158299491470334,3.548246336590617,103.51702711936005,2015.5,0.4537426732329751,0.3934934797105861,0.3596770261172361,0.34470533887486265,0.32147240036766805,0.28820507206962537,0.26860004141776456,Upper middle,24355.74153786214,10.100522892825474
NAM,2015.5,0.7506131609631252,0.7335900703664172,0.7145634106707309,0.6728790814621463,0.6516033729593944,0.6067875227381374,0.5412180676748414,-20.17992546521702,18.649800133202394,2015.5,0.7587731446876633,0.741082843312034,0.7184790613400819,0.6915413690956107,0.653509122770956,0.6103099103602245,0.5444312160115538,Upper middle,10095.5644431909,9.219851442328077
NCL,2015.5,0.575062215861583,0.5656395290693619,0.5336936085368037,0.5127254417934884,0.4725024108086798,0.4247228071407981,0.39533530709685055,-21.583293372169795,165.5717759644657,2015.5,0.5958742743961618,0.5854786707434225,0.559869925774392,0.5350567496575555,0.4880691739061197,0.43422456755671257,0.4042999559008808,High,,
NER,2015.5,0.6869536382858851,0.6579629660297108,0.6578805929310112,0.6388202051654651,0.6251476061723057,0.6018603291737129,0.5573482005610237,13.173841873330066,6.849138187073689,2015.5,0.6646967203599286,0.6392661701332332,0.6384985952354787,0.6219673622772981,0.6007632684554218,0.5775386218281289,0.543728403598846,Low,1134.3985824960669,7.033857906214377
NGA,2015.5,0.4232950404172901,0.3669190688268735,0.36352459735061443,0.34323591048791685,0.33780952218180593,0.33463844432249756,0.3025000371003831,8.743196206866404,6.235464791812253,2015.5,0.30940114217032305,0.28443564175694486,0.27474519518458995,0.25051660694058947,0.24618225904905686,0.2517023522706955,0.23200625368662736,Lower middle,5147.42792351371,8.546252436572482
NIC,2015.5,0.5196856679636238,0.4977079092656996,0.4712061631700138,0.44178285068540674,0.4072665651354372,0.38308150791164386,0.3483025944323775,12.888972371278905,-86.15707936332576,2015.5,0.5087446917040588,0.48143989986835606,0.458450093523812,0.43381382877882996,0.4088628045826218,0.38282195329577473,0.35908550419990387,Lower middle,5382.832155494301,8.590969937598206
NLD,2015.5,0.9102396956480329,0.891197175320159,0.8663775245397604,0.826512372527249,0.772915119434072,0.7006701003081968,0.6046175462570706,51.52486338393426,5.0194366852745205,2015.5,0.9048771699173621,0.8851823575905321,0.8603952051028964,0.8203410553450148,0.7675632153679139,0.6958127326414406,0.597962353384477,High,53731.18895747839,10.891748911850984
NOR,2015.5,0.5181910544490061,0.4968752384537085,0.47406426981542926,0.4411804041944782,0.41095794941675834,0.37414984123079353,0.3233346248241479,61.03365998670482,10.073743827693056,2015.5,0.6149940887910643,0.5956345415610834,0.5721221826871269,0.5394231806760562,0.5049361483919335,0.4601098003326066,0.40565817928947395,High,62983.35465006124,11.050625758559766
NPL,2015.5,0.5588110352410561,0.5324288814433187,0.49888683025263714,0.48504083178932217,0.46422881970692914,0.42806008565027104,0.3985815995797574,27.109740545963113,85.4671823196401,2015.5,0.5075853883771746,0.4789759925388939,0.46373565031736985,0.4475221334450391,0.4297221648863829,0.409251104449153,0.37874848530864247,Lower middle,3318.793662116738,8.107356641097075
NZL,2015.5,0.8174041339107434,0.8014255538598445,0.7748478302603308,0.7312641475442027,0.6717129822705487,0.607241667804585,0.5325840306401337,-38.86962220714461,174.51880825907944,2015.5,0.8211474596413625,0.8027287959437874,0.7756678528735154,0.7300266043577925,0.6693627534569445,0.6058894023910887,0.5455505042963874,High,40926.59463962546,10.619535366406929
OMN,2015.5,0.6885056376521577,0.6688889271762645,0.6548582256825048,0.6313431056541576,0.5974667287448193,0.5626453720304909,0.5219348425962361,24.339798706355225,56.43181695021676,2015.5,0.7048704858330629,0.6876553986995926,0.6717611516917654,0.6445517761350852,0.606628338581495,0.5698808342517634,0.5220799672583812,High,35213.95684414098,10.469197784254344
PAK,2015.5,0.7045321934285864,0.6779570628709028,0.641254520445233,0.6099257706671056,0.5864221945022242,0.5453070462765024,0.5133839352268048,31.013135723045497,72.0459372655658,2015.5,0.7085336379629243,0.6808966432465267,0.6437869439423353,0.6111936445782113,0.5804641348155702,0.5385978624855945,0.5116122418638983,Lower middle,4636.953524932305,8.441812861682685
PAN,2015.5,0.4482144935683971,0.4209979369312508,0.38798345089506964,0.3864785998061597,0.37338853227352276,0.3715665655416278,0.3495636443574418,8.875988153384593,-79.94865100339602,2015.5,0.43370850972634195,0.3832156411651821,0.3789045848149937,0.3752824793082839,0.37065408726527865,0.35318643631274194,0.34557772121185726,High,27941.08288941477,10.237853389734008
PER,2015.5,0.46156976181667,0.43342077945717616,0.4220182406790706,0.40808467162931317,0.3895053435350572,0.38974899904826577,0.3732909993082109,-9.974294107750275,-76.55835093265016,2015.5,0.4295273154518878,0.39530375055326383,0.3886362656368576,0.3705598252776939,0.3577436686487946,0.35736232531722006,0.34036416854796914,Upper middle,11840.701943074231,9.379298192413287
PHL,2015.5,0.5048958516593853,0.4705009461550171,0.43338646102968414,0.41618752513851875,0.38792320250150625,0.35616080513981974,0.3396328666637208,13.315788492648025,122.20391115410499,2015.5,0.5042269866336426,0.4700372152453511,0.42862865052666255,0.4138668147445531,0.3837744237167544,0.35647315660791046,0.3385955712394747,Lower middle,7354.593263992629,8.903080330893571
PNG,2015.5,0.3957214350939665,0.37424104687764154,0.3364845992985507,0.3175143234552097,0.296267466595075,0.2674400653465563,0.24911910600698933,-5.4397114526846435,142.3108918588231,2015.5,0.47989232676203686,0.44214984474731756,0.38935553542308204,0.34529728794384973,0.34380846611187366,0.2969354747142414,0.2725295974707985,Lower middle,3675.4449964680016,8.209429491790727
POL,2015.5,0.7239895577568345,0.7022626754924353,0.6786876660899908,0.6506483333808599,0.6081365243032351,0.5472137816853608,0.46438064693892783,51.443393500419134,18.843981753899673,2015.5,0.712367184735439,0.6905105009044886,0.6694457756481424,0.6411708731866835,0.6002868854985455,0.5386302196964137,0.4600536081984069,High,28568.003967790788,10.26004262816362
PRI,2015.5,0.3401733384716229,0.3228005766536672,0.29536788607555303,0.2751540920215741,0.2670544868134523,0.29628276007657967,0.24727532047104459,18.36487615048779,-66.10842255212127,2015.5,0.23747441338687825,0.2344043733539432,0.18742118557832171,0.1780906454128474,0.1770766269821639,0.146903581953101,0.14150993427963132,High,33947.31817355158,10.432565136451428
PRK,2015.5,0.17891879203878094,0.1691300655732307,0.17432973575363678,0.1741517482073157,0.17058623264670836,0.15748896549457306,0.12579381032700485,39.66460539676561,126.48182835668827,2015.5,0.1702466582434903,0.16065103511391846,0.16609549073263846,0.16554349105533223,0.16265871046562935,0.15043384883470984,0.11854757655552395,Low,,
PRT,2015.5,0.7838870336098892,0.769672286339693,0.7534442104555883,0.7257906230297507,0.6838962358896994,0.6220940162951815,0.5467470641533793,40.051941606894424,-8.641645799808188,2015.5,0.8495913262373772,0.8353038526727982,0.8189617077636534,0.7900982655441309,0.7491194580272251,0.6824170561149854,0.6036999415835245,High,31895.77652402,10.370228882641486
PRY,2015.5,0.90409725360218,0.8898170370097913,0.8776384796718274,0.8611121676135205,0.8363895584622799,0.7934772323591038,0.7285096069908537,-25.430449664480676,-56.36792531145687,2015.5,0.912148080656171,0.897415406267237,0.8858649568666832,0.8711902172765005,0.8454135212397912,0.8012389462364388,0.7327101987200779,Upper middle,12810.6516468293,9.458032263763158
PSE,2015.5,0.8190508168710318,0.8183651728269463,0.7867060101911144,0.7586618893190601,0.7136904802732434,0.6656035064371406,0.6089972990073698,31.963510931802638,34.9342757500837,2015.5,0.8493133037570683,0.8314910035204027,0.8122738895450834,0.7794485655851213,0.7326518945299566,0.6796096050317553,0.6204553057371608,Lower middle,6070.955212529315,8.711271237822595
PYF,2015.5,0.3370267170297948,0.31290485938156276,0.2848094738726728,0.2944714908694764,0.3021530042363737,0.2751981064431968,0.2566763848152901,-17.762560710471682,-149.290856199323,2015.5,0.3952417018710343,0.381302390768246,0.364591614699538,0.3577280646446004,0.3531760608599034,0.3239081941225709,0.3029352632585105,High,,
QAT,2015.5,0.7350658689166611,0.7116569907367751,0.6946609119903472,0.6741438305103034,0.6400618828655859,0.6010040768211213,0.5591643274650722,25.627742095075053,51.33101054914421,2015.5,0.7361782967309412,0.7116961206033765,0.6910528491661616,0.6657749156909674,0.6310564738911822,0.5855672257592784,0.5390176476764623,High,100183.20314834468,11.514755820330825
ROU,2015.5,0.7967257493798122,0.7759845331962897,0.750682062010912,0.7213563158968016,0.6818266723844302,0.6329091078264865,0.5443599233417945,45.38029279382535,25.754499313239148,2015.5,0.7595197049853096,0.7389060789442162,0.714308960668902,0.6877220895994526,0.6491461633423904,0.5991081184198144,0.5270603537376138,High,25205.63195826002,10.134822738936398
RUS,2015.5,0.2545425817692232,0.23923914703855828,0.2249393476631206,0.2103679297888243,0.19319733979222892,0.16913746132947868,0.13909123607065133,53.144197952061475,53.57630416501148,2015.5,0.2620672471696687,0.24620339527438206,0.23220199715361117,0.2162486250566972,0.19905778719941458,0.175562749459585,0.1462745382531024,Upper middle,26069.4953125,10.168521147802684
RWA,2015.5,0.4625323124441067,0.43540283067299335,0.38059727700149143,0.36613550604820416,0.363729803423306,0.3283035045397387,0.30210512161543074,-2.201728241520543,29.701228115883225,2015.5,0.47948881735255683,0.44314306011458343,0.39384962244847715,0.3604599506515126,0.36542588385961944,0.34158748453668886,0.3250775448739807,Low,1858.797273928071,7.5276849306335
SAU,2015.5,0.7768322145897324,0.7632201338036878,0.7450906859608268,0.7202589906055519,0.6948470887757046,0.6489688638340719,0.6030825671395609,24.78220923777684,45.088092341430844,2015.5,0.7742159957948287,0.7613142685026669,0.7416660437423962,0.725518638776676,0.6987999542377888,0.663721587343012,0.6243999818065824,High,45562.34206034312,10.726836822305348
SDN,2015.5,0.7438027813356861,0.7239547236368811,0.6971734202485844,0.6321689149702825,0.5736627208843865,0.6220421641637317,0.5216870267548461,14.605035468702493,32.05928906061277,2015.5,0.8056980035599353,0.784228885665613,0.8133275338660407,0.7248628800391421,0.7481962703941702,0.7554995300437524,0.7012265222902918,Low,4565.031884765625,8.42618077761927
SEN,2015.5,0.6326150928381944,0.6119681377839747,0.5902643993386486,0.5705605733300495,0.5444377888532694,0.5159172602901696,0.46977382157271885,14.011514241159492,-15.3373012033501,2015.5,0.6394699077386381,0.6193060083396958,0.5943225822734975,0.5744675483890713,0.5520542022894446,0.5165289409684914,0.4783849405277536,Lower middle,3091.423103114454,8.036386815040379
SGP,2015.5,0.43359778710556895,0.3669335003489497,0.34168850196252504,0.3356413967266023,0.31417325166225696,0.2785640503140983,0.26261518421180324,1.4535051316998364,103.93059009049087,2015.5,0.4547730816632763,0.3804358310725351,0.352041327553026,0.35867225710666856,0.3381325993103223,0.2926214892371753,0.2668418146633872,High,90382.41204490048,11.411804970426157
SGS,2014.7142857142858,,,,,,,,,,,,,,,,,,,,
SLB,2015.5,0.23378549086691006,0.19601838627775298,0.18896956324345524,0.15971581516073435,0.15833364695098906,0.1520616123242528,0.12858157781564017,-8.929060554053256,159.9051181286573,2015.5,0.20029145944909515,0.153338428743322,0.14754543636910464,0.11199346403513344,0.1228659426158281,0.11648309499380169,0.08480030563312753,Lower middle,2569.136598268841,7.851325167463089
SLE,2015.0,0.36956680768610717,0.32857147400686854,0.3219376106431205,0.32682912604566944,0.2959465191779136,0.29923451248204547,0.2996867519079114,9.218826667232223,-13.230521452547029,,,,,,,,,Low,1647.119547158264,7.406783312339037
SLV,2015.5,0.47098111067303916,0.4681175576279772,0.46612040730193965,0.443180901771445,0.41222836720216705,0.4086040955493496,0.37604307453352753,13.951988535810411,-88.94016577266795,2015.5,0.5393108858177283,0.5311852678259338,0.5083373383350878,0.4891956544153763,0.46712966740106976,0.44123407720873925,0.39974630875718986,Lower middle,8305.00311721666,9.024613397389487
SMR,2015.5,0.8216294049863114,0.8102654018451748,0.7927177536541806,0.7686499975609412,0.7228283040075748,0.6703578669080603,0.5866806553629015,43.93955054683714,12.852800632879129,2015.5,0.809432358840219,0.7973425638125443,0.7805054793287194,0.7564243759424535,0.706972744906394,0.6609783202774564,0.5773290031380566,,,
SOM,2015.5,0.40290116202569637,0.4195442105458036,0.3727327043696949,0.3743181525907562,0.35082863732025715,0.31154089640484156,0.2890470455078884,6.242658087400002,43.27357285594346,2015.5,0.22383732034806764,0.21135927308389815,0.21085651048830972,0.2125183603453565,0.1939758858731922,0.15416988907858825,0.1714613103481677,Low,1042.997816287365,6.949854361314367
SPM,2015.0,0.12529239635820544,0.11746356749045156,0.10668105014166314,0.09805208322021063,0.08689971282710124,0.08349281793400759,0.06782860297630278,47.333965753729295,-55.548515714368335,,,,,,,,,,,
SRB,2015.5,0.8275109480521319,0.808786216035068,0.7937782227421301,0.7677956751749111,0.7301455023471897,0.6712467524790215,0.5844931248000707,44.4362192498959,20.633639168230296,2015.5,0.8640072042517227,0.8456330071730672,0.8281846527910215,0.8030908053446909,0.763859606283031,0.7050458569839841,0.617071286746306,Upper middle,16286.777075147367,9.69810883519232
SSD,2015.4285714285713,0.4165471042788906,0.4533277202108258,0.11930428005248013,0.03215352767028746,0.06867990190084997,0.1358808404967526,0.15156458096814557,7.31947230279576,31.50903281749325,,,,,,,,,Low,,
SUR,2015.5,0.34707041897904267,0.3079318357234136,0.2638800412046117,0.236665948946569,0.2218691539657866,0.22342125741097307,0.19772910416768047,5.454311623983168,-55.11139792850454,2015.5,0.3328964118162752,0.2797322754088908,0.23451714303673557,0.21612621894257553,0.17856346930116734,0.17114149357166258,0.1569119348420049,Upper middle,18433.55420951623,9.821927881203596
SVK,2015.5,0.7696150181947897,0.7482724706293068,0.7303297486720047,0.7046677397531266,0.6625741186496581,0.6018061167568625,0.5230899301125624,48.76441635561771,19.396473390732073,2015.5,0.7529742686618477,0.7332996675794768,0.7155473624378508,0.6883682084333962,0.6480769841162004,0.5870880307668676,0.51163766793136,High,28882.490874757823,10.270990838413484
SVN,2015.5,0.8107760861268337,0.7899670112050221,0.7690856365886367,0.7389356162358274,0.6981615580233111,0.6363481656604165,0.5605758431561529,46.111319632150966,14.508577391405998,2015.5,0.7555307342508639,0.7429464261922509,0.7216355034910931,0.6921683410062236,0.65093891987417,0.5935357050114044,0.5207111027885947,High,35079.772373164466,10.46537995767272
SWE,2015.5,0.6346892606802025,0.6186836996297276,0.5965097282904162,0.5600750354985671,0.5157583541299986,0.47245045210197667,0.4263533074273142,58.387272307733255,14.827610496393339,2015.5,0.6727804539391198,0.6568799949012545,0.6326688881748856,0.5941110735250713,0.5471741791857967,0.5029402541165685,0.4539215588922338,High,50571.19310612642,10.831137386956213
SWZ,2015.5,0.8337097430977414,0.8227705394380864,0.8065325812143416,0.7638671644536195,0.7119310684745512,0.6278339524633594,0.5598536023301344,-26.120282933217737,31.80741906061807,2015.5,0.8702450284254886,0.855773193486764,0.8354749698329993,0.7891623522965844,0.7333351164014251,0.6490245178104324,0.5672060900739746,Lower middle,8051.796238845961,8.993650480782007
SYR,2015.5,0.8680793235608038,0.8507618390516948,0.8371800551892115,0.8070945864577478,0.7690761706022328,0.7154197279489235,0.6873232516504058,34.82160348933006,37.38358080585599,2015.5,0.8957447297463135,0.8806745432559971,0.8593982600511898,0.8327161607310452,0.796628838194476,0.7430930314377526,0.6876442327189473,Low,,
TCD,2015.5,0.5717434877536595,0.5705378093015288,0.5445926148901341,0.5362366294842993,0.5248873402908143,0.5089186535005874,0.4849706857356681,11.204379303444723,15.690187784498079,2015.5,0.6203830163406814,0.6113251401486711,0.59892156405157,0.5830354397982921,0.5646200436579971,0.5513207545440886,0.5234598626820817,Low,1684.972407426967,7.429504467238121
TGO,2015.5,0.2976463777371127,0.2703327735359315,0.26765303711243205,0.23486968970615316,0.2312723865187615,0.23155697681008203,0.2002825291327595,7.800375372803877,1.1504066230227545,2015.5,0.25438504514805993,0.23164843858073908,0.22623839711499424,0.1978302951994303,0.19580231649321925,0.19168770497565127,0.16417869762430706,Low,1890.6771289493631,7.544690313175949
THA,2015.5,0.6072135426964513,0.5807793228213656,0.5485380963828541,0.5211583115313226,0.4919858675052577,0.4674142394300816,0.4455936661014667,14.310715055342502,101.17404920135542,2015.5,0.6232063667358375,0.5965536599060448,0.564579840496082,0.5374630603846297,0.5091888358418057,0.4826922836489597,0.4587478109323138,Upper middle,16212.27660133584,9.693524049121025
TJK,2015.5,0.7780529231215887,0.7630548382149033,0.7464150244475809,0.7223825859418922,0.6908254401194094,0.6477069789156105,0.5920204651483526,39.414052160741264,69.45799536582777,2015.5,0.8547251383208339,0.8378855384279733,0.8190175980825865,0.7933148331873805,0.7585025189817369,0.7099312237258791,0.6484254945540762,Lower middle,3061.117198886305,8.02653522598975
TKM,2015.5,0.8720343336278884,0.8574154153733549,0.8404798830989215,0.814330126199932,0.778439646063625,0.7184214938904508,0.6537640178579238,38.65250529504705,61.25665369765636,2015.5,0.8797256461747963,0.8652444961923551,0.8485792562700676,0.8228176985345806,0.7865166373692115,0.7241538643400213,0.6606442951662358,Upper middle,12368.58538680428,9.422915100464277
TLS,2015.125,0.21675704861682166,0.2223383536238367,0.18952959608099545,0.1619054881777749,0.1906017188423415,0.15338787402640233,0.1310100345059339,-8.653507710470015,124.6306305110494,,,,,,,,,Lower middle,3374.3790649967764,8.123966605638401
TTO,2015.0,0.38070760851095437,0.33962677778980876,0.29092784743424693,0.27728225283785757,0.2680003586784613,0.22284435774116662,0.21194697782439115,10.382118552519373,-61.30510013617842,,,,,,,,,High,27354.23565222416,10.216626664313512
TUN,2015.5,0.8685126667860723,0.8523357939468352,0.8276576458268419,0.794279632136769,0.7425515782905533,0.6719574028586175,0.5873280418526959,35.873364590400854,9.608776557342463,2015.5,0.8688458682697853,0.8515973938035245,0.8254786858143828,0.792788197088837,0.7405433912597953,0.6674283738959168,0.58258898207535,Lower middle,10646.14063382364,9.272952723660822
TUR,2015.5,0.8373725233227726,0.8224844528892051,0.8065959672624595,0.776862084495865,0.7386595184053993,0.6790997544383537,0.6264131086645738,39.053162734396224,33.722090489161886,2015.5,0.8790949255895292,0.8680849902549893,0.8497873246180434,0.8205098447668886,0.7815335444647326,0.7176601848634354,0.6542446496453079,Upper middle,25660.77529007911,10.152718851667954
TZA,2015.5,0.4989009024480805,0.47556925323763144,0.4450465581152758,0.4137657559066309,0.39628284149619586,0.3755179508110169,0.3421907109151131,-4.665725999928858,34.597730935875916,2015.5,0.5025838638785741,0.47088696860377743,0.4363298165532125,0.4128967400019306,0.399470442251899,0.3780976481330638,0.35471231560415084,Lower middle,2336.433886718753,7.756381065878281
UGA,2015.5,0.5234324029855293,0.4883687072579607,0.44851186468931725,0.43841461553113853,0.42943980798756726,0.4016865789711265,0.37995467362857066,0.49632154526619515,32.793405467864815,2015.5,0.5627737921446434,0.523340520911258,0.4813211432680574,0.4787641887054165,0.47394236467087814,0.4505639253151716,0.4334335819184891,Low,2115.590688459319,7.657089337811048
UKR,2015.5,0.585883737460141,0.5625282811253993,0.5382296332458499,0.513627403070912,0.4861680808031415,0.4417602356610487,0.3737489874947972,48.92225023303202,30.707479550608603,2015.5,0.5980820539478395,0.5723319440769523,0.5495259414422009,0.5220141091823168,0.4896590578742989,0.446730028006765,0.383129990213504,Lower middle,12348.75244140625,9.421310320063391
URY,2015.5,0.8752032744612738,0.8608437252746055,0.8410072695767832,0.8115814145952012,0.7697314306358037,0.7168995088700496,0.6441098844377062,-34.267365139294625,-58.024935310585455,2015.5,0.8916026746270326,0.8766386311265061,0.8587406557440197,0.8284339126410494,0.7857020779057371,0.7327923969301039,0.647569274358155,High,22218.19587763861,10.008666866271614
USA,2015.5,0.4892501334062345,0.4772673028738911,0.46455813772949994,0.44392069161591846,0.4138144933227876,0.37816761233963375,0.329354375927785,37.703234532410974,-92.13903539138256,2015.5,0.5080603526879037,0.49610558979220276,0.4834199019494691,0.4625718450376291,0.43189846565819756,0.39597322312858724,0.3437987051310877,High,58582.8672938856,10.978197565819002
UZB,2015.5,0.7970763745162882,0.7829396960944308,0.7665860803237157,0.7434668121849067,0.7099504733452026,0.6653826075043278,0.6063340076457038,40.263433468081,68.3225949795224,2015.5,0.8388697320566066,0.8236964067105237,0.806464859098664,0.7814695880925042,0.747019366549035,0.6996401349023469,0.636878901251011,Lower middle,6419.59342654892,8.76711006548064
VAT,2015.5,0.7945453391398404,0.78078000363954,0.7575323152231215,0.7233003743472831,0.6819345646364467,0.632185915909698,0.5593064514642534,42.049371981430006,12.976623721839468,2015.5,0.8454224043589441,0.8328676924714218,0.8141708714413296,0.7812993131574576,0.7352797307910883,0.6779626705909012,0.6143062411917602,,,
VEN,2015.5,0.3356060810506344,0.30955081217725006,0.2955511523841816,0.28745923857816735,0.2641938256300004,0.2549536857667701,0.24579087489513912,9.817282990783486,-68.086796082733,2015.5,0.31456688734603766,0.29443918019495563,0.28155151597724754,0.26861366592240477,0.2567854051080508,0.23338323112599632,0.22998265538159596,Lower middle,,
VGB,2015.5,0.28851399472657524,0.2720055635571118,0.23969914933717407,0.2182427234718461,0.20304204924781524,0.1635127957751365,0.14694737025104124,18.326225370759023,-65.00244096844487,2015.5,0.23747441338687825,0.2344043733539432,0.18742118557832171,0.1780906454128474,0.1770766269821639,0.146903581953101,0.14150993427963132,High,,
VIR,2015.5,0.28851399472657524,0.2720055635571118,0.23969914933717407,0.2182427234718461,0.20304204924781524,0.1635127957751365,0.14694737025104124,18.326225370759023,-65.00244096844487,2015.5,0.23747441338687825,0.2344043733539432,0.18742118557832171,0.1780906454128474,0.1770766269821639,0.146903581953101,0.14150993427963132,High,,
VNM,2015.5,0.6606717877575031,0.6201354042157293,0.589335762243428,0.5606823190692587,0.5360956418277423,0.5119026672318371,0.4810043997415332,15.991368524986182,106.22556746852024,2015.5,0.5782040300288875,0.5309498784387398,0.502788457679657,0.4734403185266812,0.44750868913157466,0.43144810731082595,0.4031744394276413,Lower middle,8453.471406849449,9.042332453367498
VUT,2015.5,0.3551599290586188,0.3296290427996977,0.31923144949355947,0.3185359486551461,0.3007972159417386,0.28722036295657527,0.27138439070440656,-16.66322118471073,167.69437687008448,2015.5,0.38301213441463833,0.3586368376184666,0.3452842179099022,0.3455542370754764,0.32995343344277434,0.3090710477723909,0.29503501356769746,Lower middle,2952.791035356186,7.990506115730479
WSM,2015.5,0.1655566343301635,0.1779035550122753,0.17644307215849803,0.2006283332243796,0.13036358087586278,0.14565597006862233,0.1403213070944793,-13.877851008737313,-171.8264141641072,2015.5,0.24031323624086925,0.251558812261095,0.25172831707834525,0.24645763191504133,0.2075229721438648,0.22122035312355584,0.22344554882720438,Lower middle,5980.413928317782,8.696245063331405
YEM,2015.5,0.5146776673577785,0.5286081691418731,0.5146549861943983,0.5104199094377984,0.4507956573792521,0.4278831136323021,0.386938132506824,15.349290202241923,43.911254371666715,2015.5,0.687390165443605,0.6807879734418403,0.6500811149925959,0.6428661730616251,0.6163264770157919,0.5820443439885966,0.5548535923882312,Low,,
ZAF,2015.5,0.8395273758127146,0.8169843246571922,0.797464233461402,0.7600899179495509,0.7065779904089363,0.6490983665938802,0.5727735201314873,-28.136103347086618,27.641023272184025,2015.5,0.8240126157985561,0.8074737596960484,0.781273926828172,0.7501140691637411,0.6983711532301142,0.6371541566638247,0.5629048153697596,Upper middle,13793.77083560673,9.531972380514588
ZMB,2015.5,0.6440996570965365,0.6221583302372717,0.5920664994709034,0.5855630643078465,0.5586511740367222,0.5096193788277203,0.4681210390467222,-12.902946509674313,29.406894135288944,2015.5,0.7175914528962783,0.6847713809742852,0.6644309671819889,0.6572715024762749,0.6333579766145283,0.6081105007100651,0.5552367125246738,Low,3325.671688093109,8.109426944144962
ZWE,2015.5,0.817380016060725,0.8004149504500665,0.7797220644076689,0.7559784546228029,0.7163054131402276,0.6684072773488638,0.5999289135335353,-18.780495381310452,30.900897965023084,2015.5,0.8251507556132271,0.806586826015027,0.7875721082697658,0.7627019653100271,0.7250005752841806,0.6725827172415284,0.6022705974375049,Lower middle,2252.020837506276,7.719583242105884
