radiosonde_id,lat,lon,year_first,year_last,iso3
ACM00078861,17.117,-61.783,1947,1993,ATG
AEM00041217,24.4333,54.65,1983,2023,ARE
AFM00040911,36.7,67.2,2010,2014,AFG
AFM00040913,36.6667,68.9167,2010,2013,AFG
AFM00040938,34.217,62.217,1978,1988,AFG
AFM00040948,34.55,69.2167,1961,2021,AFG
AFM00040990,31.5,65.85,1976,2014,AFG
AGM00060360,36.833,7.817,1973,2008,DZA
AGM00060390,36.6833,3.2167,1948,2023,DZA
AGM00060402,36.717,5.067,1973,1988,DZA
AGM00060419,36.283,6.617,1973,2008,DZA
AGM00060430,36.3,2.233,1973,1990,DZA
AGM00060445,36.183,5.25,1983,1989,DZA
AGM00060475,35.417,8.117,1974,1991,DZA
AGM00060490,35.633,-0.6,1973,2008,DZA
AGM00060511,35.35,1.467,1987,1988,DZA
AGM00060525,34.8,5.733,1973,2002,DZA
AGM00060535,34.6833,3.25,1974,1989,DZA
AGM00060549,33.5333,-0.2833,1982,2012,DZA
AGM00060550,33.683,1.0,1977,1991,DZA
AGM00060559,33.5,6.783,1973,2008,DZA
AGM00060566,32.383,3.817,1973,2008,DZA
AGM00060571,31.5,-2.25,1948,2023,DZA
AGM00060580,31.9333,5.4,1963,1997,DZA
AGM00060590,30.567,2.867,1973,2008,DZA
AGM00060602,30.133,-2.167,1981,1990,DZA
AGM00060607,29.25,0.283,1973,1991,DZA
AGM00060611,28.05,9.633,1973,1989,DZA
AGM00060620,27.883,-0.283,1973,2008,DZA
AGM00060630,27.2333,2.5,1964,2023,DZA
AGM00060640,26.5,8.417,1973,1986,DZA
AGM00060656,27.7,-8.1667,1973,2023,DZA
AGM00060680,22.8,5.4333,1934,2023,DZA
AGM00060686,21.3333,0.95,2011,2012,DZA
AJM00037860,40.5333,50.0,1947,2016,AZE
AJM00037985,38.733,48.833,1953,1997,AZE
AMM00037789,40.2169,44.5017,1949,2022,ARM
AOM00066160,-8.85,13.233,1948,1993,AGO
AQM00091765,-14.3383,-170.7192,1966,2023,ASM
ARM00087047,-24.85,-65.4833,1965,2014,ARG
ARM00087155,-27.45,-59.05,1961,2023,ARG
ARM00087244,-29.9,-63.6833,2018,2018,ARG
ARM00087344,-31.3167,-64.2167,1959,2023,ARG
ARM00087418,-32.8333,-68.7833,1974,2023,ARG
ARM00087576,-34.8167,-58.5333,1957,2022,ARG
ARM00087623,-36.5667,-64.2667,1965,2023,ARG
ARM00087715,-38.95,-68.1333,1957,2023,ARG
ARM00087748,-38.7333,-62.1667,1964,1993,ARG
ARM00087860,-45.7833,-67.5,1958,2023,ARG
ASM00094120,-12.4239,130.8925,1943,2023,AUS
ASM00094150,-12.2742,136.8203,1985,2023,AUS
ASM00094170,-12.6778,141.9208,1993,2023,AUS
ASM00094175,-10.583,142.217,1951,1993,
ASM00094203,-17.9475,122.2353,1950,2023,AUS
ASM00094212,-18.2292,127.6636,1950,2016,AUS
ASM00094238,-19.6422,134.1833,1969,2012,AUS
ASM00094259,-17.7333,139.5333,1987,1987,AUS
ASM00094287,-16.8736,145.7458,1947,2014,AUS
ASM00094294,-19.2483,146.7661,1943,2019,AUS
ASM00094299,-16.2833,149.965,1947,2023,
ASM00094300,-24.8878,113.67,1950,2012,AUS
ASM00094302,-22.2406,114.0967,1975,2023,AUS
ASM00094312,-20.3725,118.6317,1950,2023,AUS
ASM00094326,-23.795,133.8889,1946,2023,AUS
ASM00094332,-20.6778,139.4875,1975,2023,AUS
ASM00094346,-23.4372,144.2769,1966,2017,AUS
ASM00094367,-21.1172,149.2169,1959,2016,AUS
ASM00094374,-23.3753,150.4775,1943,2022,AUS
ASM00094380,-23.85,151.25,1957,1993,AUS
ASM00094403,-28.8044,114.6989,1950,2023,AUS
ASM00094430,-26.6136,118.5372,1951,2023,AUS
ASM00094461,-25.0342,128.3011,1956,2023,AUS
ASM00094510,-26.4139,146.2558,1942,2023,AUS
ASM00094578,-27.3917,153.1292,1943,2023,AUS
ASM00094610,-31.9275,115.9764,1948,2023,AUS
ASM00094637,-30.7847,121.4533,1950,2023,AUS
ASM00094638,-33.83,121.8925,1969,2023,AUS
ASM00094646,-30.833,128.1,1950,1995,AUS
ASM00094647,-31.6667,128.8667,1995,2012,AUS
ASM00094653,-32.1297,133.6975,1950,2023,AUS
ASM00094659,-31.1558,136.8053,1949,2023,AUS
ASM00094672,-34.9525,138.5203,1945,2023,AUS
ASM00094693,-34.2358,142.0867,1950,2013,AUS
ASM00094711,-31.4839,145.8294,1962,2023,AUS
ASM00094750,-34.9469,150.5353,1950,2023,AUS
ASM00094767,-33.9464,151.1731,1946,2023,AUS
ASM00094776,-32.7933,151.8358,1954,2023,AUS
ASM00094791,-30.3108,153.1186,1951,2013,AUS
ASM00094802,-34.9414,117.8022,1965,2023,AUS
ASM00094821,-37.7472,140.7739,1945,2023,AUS
ASM00094865,-37.867,144.75,1948,1999,AUS
ASM00094866,-37.6656,144.8322,1946,2023,AUS
ASM00094907,-38.1,147.1333,1950,2009,AUS
ASM00094910,-35.1583,147.4572,1946,2023,AUS
ASM00094926,-35.3,149.183,1947,2005,AUS
ASM00094968,-41.533,147.2,1938,2003,AUS
ASM00094975,-42.8339,147.5033,1953,2023,AUS
ASM00094995,-31.5422,159.0786,1950,2023,AUS
ASM00094998,-54.4994,158.937,1948,2023,AUS
ASM00095527,-29.4897,149.8472,1964,2023,AUS
AUM00011010,48.2353,14.1881,1987,2023,AUT
AUM00011035,48.2486,16.3564,1910,2023,AUT
AUM00011120,47.2603,11.3439,1998,2023,AUT
AUM00011240,46.9931,15.4392,1987,2023,AUT
AYM00089001,-70.317,-2.367,1957,1992,
AYM00089002,-70.6667,-8.25,1984,2023,
AYM00089009,-90.0,-0.0,1961,2023,
AYM00089022,-75.445,-26.2181,1957,2023,
AYM00089050,-62.183,-58.883,1970,1999,
AYM00089055,-64.2333,-56.7167,1982,2023,
AYM00089056,-62.1833,-58.9833,2018,2023,
AYM00089062,-67.5661,-68.1297,2002,2023,
AYM00089512,-70.7678,11.8317,1969,2023,
AYM00089532,-69.0053,39.5811,1959,2023,
AYM00089542,-67.667,45.85,1969,1998,
AYM00089564,-67.6017,62.8753,1954,2023,
AYM00089571,-68.5744,77.9672,1957,2023,
AYM00089592,-66.5519,93.0147,1957,2023,
AYM00089606,-78.45,106.867,1958,1991,
AYM00089611,-66.2825,110.5231,1957,2023,
AYM00089625,-75.1017,123.4119,2006,2023,
AYM00089642,-66.6631,140.0011,1951,2023,
AYM00089657,-69.5,159.4,1983,1991,
AYM00089662,-74.6958,164.0922,1987,2023,
AYM00089664,-77.85,166.6667,1956,2023,
BBM00078954,13.0667,-59.4833,1965,2023,
BCM00068032,-19.9833,23.4167,1957,2012,BWA
BCM00068040,-21.417,25.6,1997,2006,BWA
BCM00068054,-21.217,27.5,1988,1992,BWA
BCM00068240,-24.55,25.9167,1985,2011,BWA
BCM00068328,-26.05,22.45,1989,2004,BWA
BDM00078016,32.3669,-64.6772,1946,2023,BMU
BEM00006400,51.083,2.65,1999,2002,BEL
BEM00006447,50.7969,4.3581,1949,2021,BEL
BEM00006458,50.7456,4.7633,2005,2023,BEL
BEM00006476,50.033,5.4,1964,2006,BEL
BEM00006496,50.4822,6.1814,1999,2021,BEL
BFM00078073,25.05,-77.4667,1977,2020,BHS
BGM00041859,25.7333,89.2333,1929,2023,BGD
BGM00041883,24.85,89.3667,1949,2023,BGD
BGM00041891,24.9,91.8833,1953,2023,BGD
BGM00041907,24.1333,89.05,1976,2023,BGD
BGM00041923,23.7667,90.3833,1938,2023,BGD
BGM00041936,23.1833,89.1667,1982,2023,BGD
BGM00041943,23.0333,91.4167,1982,2023,BGD
BGM00041950,22.75,90.3667,1977,2023,BGD
BGM00041977,22.35,91.8167,1928,2023,BGD
BGM00041992,21.4333,91.9333,1951,2023,
BHM00078583,17.5333,-88.3,1980,2023,BLZ
BLM00085041,-11.0333,-68.7833,2002,2003,BOL
BLM00085041,-11.0333,-68.7833,2002,2003,BOL
BLM00085154,-14.8167,-64.9167,1944,2003,BOL
BLM00085154,-14.8167,-64.9167,1944,2003,BOL
BLM00085201,-16.517,-68.183,1945,2003,BOL
BLM00085201,-16.517,-68.183,1945,2003,BOL
BLM00085245,-17.8,-63.1833,1944,2004,BOL
BLM00085245,-17.8,-63.1833,1944,2004,BOL
BLM00085268,-18.3167,-59.7667,2002,2003,BOL
BLM00085268,-18.3167,-59.7667,2002,2003,BOL
BMM00048008,25.3667,97.4,1973,1998,MMR
BMM00048008,25.3667,97.4,1973,1998,MMR
BMM00048042,21.9833,96.1,1928,2022,MMR
BMM00048042,21.9833,96.1,1928,2022,MMR
BMM00048053,20.883,95.9,1962,1998,MMR
BMM00048053,20.883,95.9,1962,1998,MMR
BMM00048080,18.467,94.35,1933,1993,MMR
BMM00048080,18.467,94.35,1933,1993,MMR
BMM00048094,16.767,94.767,1973,2002,MMR
BMM00048094,16.767,94.767,1973,2002,MMR
BMM00048097,16.7667,96.1667,1928,2022,MMR
BMM00048097,16.7667,96.1667,1928,2022,MMR
BMM00048108,14.1,98.2167,1935,2002,MMR
BMM00048108,14.1,98.2167,1935,2002,MMR
BMM00048110,12.433,98.6,1941,1998,
BMM00048112,9.967,98.583,1932,1993,
BNM00065306,11.1333,2.9333,1940,2019,BEN
BNM00065330,9.35,2.6167,1973,2022,BEN
BNM00065344,6.35,2.3833,1940,2023,BEN
BOM00026850,53.9286,27.6353,1939,2023,BLR
BOM00033008,52.1167,23.6858,1951,2022,BLR
BOM00033041,52.4019,30.9631,1970,2022,BLR
BPM00091517,-9.4167,159.9667,1959,2011,
BPM00091541,-10.7,165.8,1992,1993,
BRM00081729,-3.2944,-60.6283,2014,2015,BRA
BRM00082022,2.8333,-60.7,1977,2023,BRA
BRM00082026,2.2239,-55.9472,2006,2023,BRA
BRM00082099,0.05,-51.0667,2005,2023,BRA
BRM00082107,-0.1167,-66.9667,2008,2023,BRA
BRM00082193,-1.3833,-48.4833,1943,2023,BRA
BRM00082244,-2.4333,-54.7167,1973,2023,BRA
BRM00082281,-2.6,-44.2333,1971,2021,BRA
BRM00082332,-3.15,-59.9833,1967,2023,BRA
BRM00082397,-3.7667,-38.6,1973,2019,BRA
BRM00082400,-3.85,-32.4167,1958,2023,BRA
BRM00082411,-4.25,-69.9333,2006,2023,BRA
BRM00082532,-5.8167,-61.2833,2006,2023,BRA
BRM00082599,-5.9167,-35.25,1943,2023,BRA
BRM00082678,-6.7667,-43.0167,1971,2019,BRA
BRM00082705,-7.5833,-72.7667,2004,2023,BRA
BRM00082765,-7.3333,-47.4667,1970,2019,BRA
BRM00082824,-8.7667,-63.9167,1977,2023,BRA
BRM00082900,-8.05,-34.9167,1952,2019,BRA
BRM00082917,-10.0,-67.8,2004,2023,BRA
BRM00082930,-9.333,-54.967,1973,1986,BRA
BRM00082965,-9.8667,-56.1,1987,2023,BRA
BRM00082983,-9.3833,-40.4833,1970,2020,BRA
BRM00083208,-12.7,-60.1,1967,2023,BRA
BRM00083229,-13.0167,-38.5167,1970,2018,BRA
BRM00083288,-13.2667,-43.4167,1970,2015,BRA
BRM00083361,-15.6,-56.1,1991,1993,BRA
BRM00083362,-15.65,-56.1,1974,2021,BRA
BRM00083378,-15.8667,-47.9333,1966,2023,BRA
BRM00083498,-17.7333,-39.25,1975,2016,BRA
BRM00083525,-18.8833,-48.2167,2006,2023,BRA
BRM00083554,-19.0,-57.6667,2002,2023,BRA
BRM00083566,-19.6167,-43.9667,1973,2023,BRA
BRM00083612,-20.4667,-54.6667,1966,2023,BRA
BRM00083649,-20.2667,-40.2833,1973,2023,BRA
BRM00083650,-20.5,-29.3167,1967,2019,
BRM00083746,-22.8167,-43.25,1961,2023,
BRM00083768,-23.3333,-51.1333,1973,2023,BRA
BRM00083779,-23.5,-46.6333,2000,2023,BRA
BRM00083780,-23.617,-46.65,1955,2000,BRA
BRM00083827,-25.5167,-54.5833,1974,2023,BRA
BRM00083840,-25.5167,-49.1667,1965,2023,BRA
BRM00083899,-27.6667,-48.55,1973,2023,BRA
BRM00083928,-29.7833,-57.0333,1973,2023,BRA
BRM00083937,-29.7167,-53.7,2006,2023,BRA
BRM00083971,-30.0,-51.1833,1950,2023,BRA
BUM00015614,42.65,23.3833,1955,2023,BGR
BUM00015730,41.65,25.367,1966,1991,BGR
BXM00096315,4.9333,114.9333,1981,2023,BRN
BXM00096315,4.9333,114.9333,1981,2023,BRN
BXM00096323,4.583,114.2,1999,2022,BRN
BXM00096323,4.583,114.2,1999,2022,BRN
CAM00071043,65.2833,-126.75,1951,2023,CAN
CAM00071051,72.0,-125.27,1955,1986,CAN
CAM00071069,55.283,-114.783,1973,1994,CAN
CAM00071072,76.25,-119.35,1948,1997,CAN
CAM00071081,68.7667,-81.2167,1957,2023,
CAM00071082,82.5,-62.3333,1950,2023,CAN
CAM00071109,50.685,-127.3758,1951,2023,CAN
CAM00071115,50.233,-119.283,1972,1993,CAN
CAM00071119,53.5475,-114.1083,1946,2023,CAN
CAM00071120,54.417,-110.283,1973,2002,CAN
CAM00071121,53.667,-113.467,1985,1999,CAN
CAM00071124,54.75,-110.05,1968,2010,CAN
CAM00071129,51.517,-109.183,1991,1998,CAN
CAM00071145,53.85,-94.65,1984,1996,CAN
CAM00071197,47.567,-59.15,1994,1997,CAN
CAM00071203,49.9408,-119.4003,1994,2017,CAN
CAM00071450,51.133,-106.583,1988,1989,CAN
CAM00071524,45.817,-73.433,1996,1996,CAN
CAM00071569,50.2,-104.7,2004,2011,CAN
CAM00071600,43.9322,-60.0094,1954,2019,CAN
CAM00071603,43.8667,-66.1,1988,2023,CAN
CAM00071621,44.117,-77.533,1999,2001,CAN
CAM00071625,45.95,-77.317,1986,2005,CAN
CAM00071627,45.467,-73.733,1973,1995,CAN
CAM00071701,45.8333,-66.4333,1971,2023,CAN
CAM00071716,46.9,-71.483,1977,2006,CAN
CAM00071722,46.3019,-76.0061,1954,2023,CAN
CAM00071801,47.6667,-52.75,1950,2009,CAN
CAM00071802,47.5167,-52.7833,2009,2023,CAN
CAM00071811,50.2167,-66.25,1954,2023,
CAM00071815,48.5667,-58.5667,1946,2023,CAN
CAM00071816,53.3,-60.3667,1946,2023,CAN
CAM00071823,53.7572,-73.6792,1985,2023,CAN
CAM00071836,51.2667,-80.65,1954,2023,
CAM00071843,49.8,-97.1333,2000,2022,CAN
CAM00071845,51.45,-90.2,1992,2023,CAN
CAM00071851,49.9031,-98.2842,1999,2003,CAN
CAM00071852,49.9,-97.233,1973,1997,CAN
CAM00071853,49.783,-99.633,1968,2007,CAN
CAM00071855,51.1,-100.05,1973,1988,CAN
CAM00071861,50.383,-102.683,1980,1990,CAN
CAM00071863,50.433,-104.667,1973,1994,CAN
CAM00071866,52.167,-106.717,1994,1998,CAN
CAM00071867,53.9667,-101.1,1954,2023,CAN
CAM00071869,53.217,-105.667,1973,1993,CAN
CAM00071874,49.633,-112.8,1973,1994,CAN
CAM00071876,52.767,-108.25,1998,2002,CAN
CAM00071877,51.117,-114.017,1965,1995,CAN
CAM00071892,49.2,-123.167,1973,1996,CAN
CAM00071893,49.7167,-124.9,2009,2010,CAN
CAM00071896,53.883,-122.667,1954,1998,CAN
CAM00071906,58.1167,-68.4167,1947,2023,CAN
CAM00071907,58.4667,-78.0833,1950,2023,CAN
CAM00071908,53.9,-122.79,2000,2023,CAN
CAM00071909,63.75,-68.55,1946,2023,CAN
CAM00071913,58.7333,-94.0667,1950,2023,CAN
CAM00071915,64.2,-83.3667,1950,2017,CAN
CAM00071917,79.9833,-85.9333,1948,2023,
CAM00071924,74.7042,-94.9681,1948,2023,CAN
CAM00071925,69.1333,-105.0667,1962,2023,CAN
CAM00071926,64.3167,-96.0,1949,2023,CAN
CAM00071932,56.65,-111.217,1973,1995,CAN
CAM00071934,60.0261,-111.9294,1954,2023,CAN
CAM00071945,58.8333,-122.6,1954,2023,CAN
CAM00071957,68.3167,-133.5167,1960,2023,CAN
CAM00071964,60.7328,-135.0969,1954,2023,CAN
CDM00064700,12.1333,15.0333,1950,2023,TCD
CDM00064750,9.15,18.3833,1961,2018,TCD
CEM00043413,8.9833,79.9167,1938,2023,
CEM00043418,8.5833,81.25,1973,2023,
CEM00043421,8.3333,80.4167,2008,2009,LKA
CEM00043424,8.0333,79.8333,1994,2011,LKA
CEM00043466,6.9,79.8667,1939,2023,LKA
CEM00043475,6.8833,81.8333,2010,2011,LKA
CEM00043497,6.1167,81.1333,1973,2023,
CFM00064400,-4.8167,11.9,1947,2023,COG
CFM00064401,-4.217,12.667,1949,1994,COG
CFM00064450,-4.25,15.25,1973,2023,COG
CFM00064453,-2.533,14.767,1973,1986,COG
CFM00064458,1.6167,16.05,1963,2022,COG
CGM00064210,-4.383,15.433,1967,1990,COD
CHM00050353,51.717,126.65,1973,1987,CHN
CHM00050527,49.25,119.7,1956,2023,CHN
CHM00050557,49.1667,125.2333,1956,2023,CHN
CHM00050603,48.667,116.817,1973,1997,CHN
CHM00050745,47.383,123.917,1973,2000,CHN
CHM00050774,47.7167,128.8333,1973,2023,CHN
CHM00050834,46.5,121.36,1982,2000,CHN
CHM00050953,45.9333,126.5667,1958,2023,CHN
CHM00051076,47.7333,88.0833,1958,2023,CHN
CHM00051133,46.733,83.0,1964,2002,CHN
CHM00051156,46.81,85.7489,1973,2017,CHN
CHM00051232,45.95,82.56,1973,1999,CHN
CHM00051243,45.6167,84.85,1973,2023,CHN
CHM00051288,45.367,90.533,1959,2002,CHN
CHM00051334,44.617,82.9,1973,1998,CHN
CHM00051379,44.017,89.567,1973,1998,CHN
CHM00051431,43.95,81.3333,1956,2023,CHN
CHM00051463,43.7833,87.6167,1956,2023,CHN
CHM00051495,43.483,91.633,1973,1998,CHN
CHM00051573,42.933,89.2,1973,1998,CHN
CHM00051628,41.26,80.3,1959,1999,CHN
CHM00051644,41.7167,82.95,1957,2023,CHN
CHM00051656,41.7294,85.8186,1964,2023,CHN
CHM00051701,40.45,75.383,1973,1991,CHN
CHM00051709,39.4833,75.75,1956,2023,CHN
CHM00051711,40.933,78.45,1973,1987,CHN
CHM00051716,39.8,78.567,1973,1998,CHN
CHM00051765,40.633,87.7,1973,1998,CHN
CHM00051777,39.0333,88.1667,1956,2023,CHN
CHM00051811,38.433,77.267,1973,1998,CHN
CHM00051828,37.1333,79.9333,1957,2023,CHN
CHM00051839,37.0667,82.7167,1973,2023,CHN
CHM00051848,37.93,83.65,1979,1998,CHN
CHM00051886,38.25,90.85,1973,2002,CHN
CHM00052203,42.8167,93.5167,1957,2023,CHN
CHM00052267,41.95,101.0667,1957,2023,CHN
CHM00052323,41.8,97.0333,1963,2023,CHN
CHM00052418,40.15,94.6833,1957,2023,CHN
CHM00052495,40.75,104.5,1971,2002,CHN
CHM00052533,39.7667,98.4833,1956,2023,CHN
CHM00052602,38.833,93.383,1959,1993,CHN
CHM00052681,38.6333,103.0833,1957,2023,CHN
CHM00052713,37.85,95.367,1973,1987,CHN
CHM00052737,37.317,97.217,1973,1998,CHN
CHM00052818,36.4167,94.9,1957,2023,CHN
CHM00052836,36.3,98.1,1956,2023,CHN
CHM00052856,36.35,100.78,1973,1988,CHN
CHM00052866,36.7167,101.75,1958,2023,CHN
CHM00052889,36.05,103.883,1956,2001,CHN
CHM00052908,35.217,93.083,1973,1987,CHN
CHM00052983,35.8667,104.15,2001,2023,CHN
CHM00053068,43.6333,111.95,1973,2023,CHN
CHM00053083,44.617,114.15,1973,1997,CHN
CHM00053231,41.45,106.383,1973,1988,CHN
CHM00053276,42.4,112.9,1956,1988,CHN
CHM00053336,41.5667,108.5167,1973,2020,CHN
CHM00053463,40.85,111.5667,1956,2023,CHN
CHM00053487,40.1,113.333,1973,1988,CHN
CHM00053502,39.783,105.75,1973,1987,CHN
CHM00053513,40.7333,107.3667,1973,2023,CHN
CHM00053529,39.1,107.983,1973,1988,CHN
CHM00053543,39.8333,109.9833,1963,2023,CHN
CHM00053564,39.383,111.15,1973,1988,CHN
CHM00053614,38.4667,106.2,1957,2023,CHN
CHM00053772,37.6206,112.5767,1956,2023,CHN
CHM00053798,37.1808,114.3589,1967,2020,CHN
CHM00053821,36.767,107.2,1973,1987,CHN
CHM00053845,36.5667,109.45,1956,2023,CHN
CHM00053853,36.7,110.933,1973,1988,CHN
CHM00053898,36.05,114.4,1973,1987,CHN
CHM00053915,35.55,106.6667,1959,2023,CHN
CHM00054012,44.583,117.6,1973,1988,CHN
CHM00054027,43.983,119.4,1979,1987,CHN
CHM00054094,44.567,129.6,1973,1987,CHN
CHM00054102,43.95,116.1167,1956,2023,CHN
CHM00054135,43.6,122.2667,1959,2023,CHN
CHM00054161,43.9,125.2167,1956,2023,CHN
CHM00054218,42.3,118.8333,1956,2023,CHN
CHM00054237,42.0,121.667,1973,1987,CHN
CHM00054292,42.8667,129.5,1956,2023,CHN
CHM00054337,41.117,121.067,1960,2007,CHN
CHM00054342,41.7333,123.5167,1956,2019,CHN
CHM00054374,41.8,126.8833,1959,2023,CHN
CHM00054401,40.7833,114.8833,1973,2020,CHN
CHM00054423,40.967,117.917,1973,1989,CHN
CHM00054497,40.083,124.333,1960,2007,CHN
CHM00054511,39.9333,116.2833,1956,2023,CHN
CHM00054539,39.4333,118.9,1973,2010,CHN
CHM00054602,38.733,115.483,1973,1990,CHN
CHM00054662,38.9,121.6333,1944,2023,CHN
CHM00054727,36.7,117.55,2003,2023,CHN
CHM00054753,37.617,120.317,1973,1990,CHN
CHM00054776,37.4,122.683,1973,2000,CHN
CHM00054823,36.683,116.983,1956,2003,CHN
CHM00054836,36.183,118.15,1973,1987,CHN
CHM00054857,36.0667,120.3333,1956,2023,CHN
CHM00054906,35.25,115.433,1973,1988,CHN
CHM00055228,32.5,80.067,1973,2000,CHN
CHM00055248,32.3,84.05,1974,2000,CHN
CHM00055279,31.367,90.017,1973,1999,CHN
CHM00055299,31.4833,92.0667,1957,2023,CHN
CHM00055472,30.95,88.633,1973,2002,CHN
CHM00055578,29.217,88.917,1973,2002,CHN
CHM00055591,29.6667,91.1333,1957,2023,CHN
CHM00055664,28.633,87.083,1973,2000,CHN
CHM00055690,28.5,91.8,1977,1986,CHN
CHM00055696,28.417,92.467,1973,2002,CHN
CHM00055773,27.75,89.167,1973,2002,CHN
CHM00056004,33.95,92.617,1973,1999,CHN
CHM00056029,33.0,96.95,1959,2023,CHN
CHM00056033,34.917,98.217,1973,1987,CHN
CHM00056046,33.75,99.65,1967,2023,CHN
CHM00056080,35.0,102.9,1960,2023,CHN
CHM00056096,33.383,104.917,1957,2002,CHN
CHM00056106,31.867,93.767,1973,1999,CHN
CHM00056116,31.417,95.6,1973,2002,CHN
CHM00056137,31.15,97.1667,1957,2023,CHN
CHM00056146,31.6167,100.0,1957,2023,CHN
CHM00056172,31.9,102.233,1960,1987,CHN
CHM00056173,31.85,102.7,1973,2000,CHN
CHM00056187,30.75,103.8667,2004,2023,CHN
CHM00056247,29.967,99.067,1972,2002,CHN
CHM00056294,30.667,104.017,1956,2004,CHN
CHM00056312,29.5667,94.4667,1973,2000,CHN
CHM00056374,30.05,101.967,1973,1990,CHN
CHM00056444,28.45,98.883,1967,1988,CHN
CHM00056462,29.033,101.5,1973,1987,CHN
CHM00056492,28.8,104.6,1957,2023,CHN
CHM00056571,27.9,102.2667,1956,2023,CHN
CHM00056651,26.8333,100.2167,1964,2023,CHN
CHM00056691,26.8667,104.2833,1960,2023,CHN
CHM00056739,24.9844,98.5056,1956,2023,CHN
CHM00056778,25.0167,102.6833,1956,2023,CHN
CHM00056951,23.8833,100.0833,1973,1987,CHN
CHM00056964,22.7667,100.9833,1957,2023,CHN
CHM00056985,23.4444,103.3278,1973,2023,CHN
CHM00057006,34.583,105.75,1973,1987,CHN
CHM00057036,34.3,108.933,1956,2006,CHN
CHM00057067,34.0803,111.0728,1973,2017,CHN
CHM00057083,34.7167,113.65,1956,2023,CHN
CHM00057127,33.0667,107.0333,1959,2023,CHN
CHM00057131,34.4333,108.9667,2007,2023,CHN
CHM00057178,33.1,112.4833,1967,2023,CHN
CHM00057193,33.783,114.517,1973,1987,CHN
CHM00057245,32.7167,109.0333,1960,2023,CHN
CHM00057290,32.967,114.05,1973,1996,CHN
CHM00057297,32.133,114.05,1973,1989,CHN
CHM00057328,31.217,107.5,1960,2002,CHN
CHM00057447,30.2833,109.4667,1959,2022,CHN
CHM00057461,30.7333,111.3667,1956,2023,CHN
CHM00057494,30.6,114.05,1946,2023,CHN
CHM00057516,29.6,106.4,1957,2023,CHN
CHM00057584,29.383,113.083,1973,1987,CHN
CHM00057606,28.48,105.93,1973,1987,CHN
CHM00057662,29.05,111.683,1973,1987,CHN
CHM00057687,28.1086,112.7864,1956,2023,CHN
CHM00057707,27.3,105.233,1973,1986,CHN
CHM00057731,27.95,108.25,1973,1987,CHN
CHM00057749,27.5667,110.0,1956,2023,CHN
CHM00057799,27.117,114.967,1973,1987,CHN
CHM00057816,26.4833,106.65,1956,2023,CHN
CHM00057902,25.433,105.183,1973,1989,CHN
CHM00057916,25.433,106.767,1973,1987,CHN
CHM00057932,25.967,108.533,1973,1987,CHN
CHM00057957,25.3333,110.3,1957,2023,CHN
CHM00057972,25.7353,112.9739,1956,2023,CHN
CHM00057993,25.8667,115.0,1956,2023,CHN
CHM00058027,34.2833,117.15,1956,2023,CHN
CHM00058040,34.85,119.133,1973,1987,CHN
CHM00058144,33.6,119.033,1973,1990,CHN
CHM00058150,33.75,120.3,1964,2023,CHN
CHM00058203,32.8667,115.7333,1957,2023,CHN
CHM00058238,31.9333,118.9,1930,2023,CHN
CHM00058321,31.867,117.233,1960,1987,CHN
CHM00058362,31.4167,121.45,1956,2023,CHN
CHM00058424,30.6167,116.9667,1960,2023,CHN
CHM00058457,30.2333,120.1667,1960,2023,CHN
CHM00058527,29.3,117.2,1973,1987,CHN
CHM00058606,28.6,115.9167,1957,2023,CHN
CHM00058633,28.9667,118.8667,1956,2023,CHN
CHM00058665,28.6167,121.4167,1991,2023,CHN
CHM00058666,28.45,121.883,1958,1991,
CHM00058725,27.3333,117.4667,1958,2023,CHN
CHM00058754,27.333,120.2,1973,1987,CHN
CHM00058847,26.0833,119.2833,1956,2023,CHN
CHM00058911,25.85,116.367,1973,1987,CHN
CHM00058944,25.517,119.783,1973,1987,CHN
CHM00059007,24.067,105.067,1973,1987,CHN
CHM00059023,24.7,108.0333,1973,2023,CHN
CHM00059046,24.35,109.4,1973,1987,CHN
CHM00059096,24.367,114.483,1967,2002,CHN
CHM00059134,24.4833,118.0833,1958,2023,CHN
CHM00059211,23.9,106.6,1957,2023,CHN
CHM00059265,23.4833,111.3,1957,2023,CHN
CHM00059280,23.7,113.0833,1997,2023,CHN
CHM00059287,23.217,113.483,1956,1995,CHN
CHM00059293,23.8,114.7333,2015,2023,CHN
CHM00059316,23.35,116.6667,1957,2023,
CHM00059417,22.367,106.75,1973,1987,CHN
CHM00059431,22.6333,108.2167,1956,2023,CHN
CHM00059501,22.783,115.367,1973,1989,CHN
CHM00059644,21.4833,109.1,1973,2015,CHN
CHM00059647,21.033,109.117,1981,1989,CHN
CHM00059658,21.217,110.4,1973,1987,CHN
CHM00059663,21.8333,111.9667,1966,2020,CHN
CHM00059758,20.0,110.25,1956,2023,CHN
CHM00059838,19.1,108.617,1973,1990,CHN
CHM00059948,18.2167,109.5833,1973,2020,CHN
CIM00085442,-23.4503,-70.4408,1957,2023,CHL
CIM00085469,-27.1606,-109.4267,1966,2023,CHL
CIM00085543,-32.78,-71.51,1957,1999,CHL
CIM00085586,-33.6547,-71.6144,1999,2023,CHL
CIM00085799,-41.4347,-73.0975,1957,2023,CHL
CIM00085934,-53.0033,-70.845,1975,2023,CHL
CJM00078384,19.2917,-81.3583,1956,2023,CYM
CKM00096996,-12.1892,96.8344,1952,2023,
CMM00064860,9.333,13.383,1953,2008,CMR
CMM00064870,7.35,13.5667,1973,2023,CMR
CMM00064893,5.65,10.75,1953,1993,CMR
CMM00064900,5.55,12.367,1973,1987,CMR
CMM00064910,4.0167,9.7,1953,2023,CMR
CMM00064931,4.467,14.367,1953,1993,CMR
CMM00064950,3.833,11.517,1953,1992,CMR
CNM00067002,-11.5333,43.2667,1982,2023,COM
COM00071764,7.1,-76.4,2006,2006,COL
COM00080001,12.5833,-81.7167,1956,2023,
COM00080028,10.8833,-74.7833,2017,2022,COL
COM00080035,11.5333,-72.9333,1992,2016,COL
COM00080094,7.1,-73.2,2018,2022,COL
COM00080210,4.8167,-75.7333,2018,2019,COL
COM00080222,4.7,-74.15,1960,2023,COL
COM00080241,4.55,-70.917,1973,2003,COL
COM00080259,3.55,-76.3833,2016,2022,COL
COM00080398,-4.1667,-69.95,1986,2023,COL
CQM00091232,15.117,145.733,1990,1992,MNP
CSM00078762,9.9833,-84.1833,1972,2021,CRI
CTM00064600,4.25,15.8,1973,1993,CAF
CTM00064601,5.967,15.633,1973,1994,CAF
CTM00064610,6.483,17.433,1973,1995,CAF
CTM00064650,4.4,18.5167,1950,2019,CAF
CTM00064654,8.4,20.65,1973,1987,CAF
CTM00064656,4.733,22.833,1973,1994,CAF
CTM00064665,4.317,21.183,1992,1992,CAF
CUM00078325,23.167,-82.35,1948,1995,
CUM00078355,21.4,-77.85,1948,1994,CUB
CUM00078367,19.9,-75.217,1948,1991,
CVM00008589,14.9,-23.517,1974,2006,
CVM00008594,16.7419,-22.9489,1950,2017,CPV
CWM00091800,-9.017,-158.067,1973,1994,
CWM00091801,-9.0,-158.05,1978,2008,
CWM00091830,-18.833,-159.767,1973,1996,
CWM00091843,-21.2,-159.8167,1968,2016,COK
CYM00017600,34.7194,32.4847,1973,2023,CYP
CYM00017601,34.583,32.983,1976,2001,CYP
CYM00017607,35.1408,33.3964,1949,2023,CYP
CYM00017609,34.8733,33.6172,1978,2023,CYP
DAM00006030,57.1,9.867,1967,1992,DNK
DAM00006060,56.2933,9.1139,1999,2023,DNK
DAM00006181,55.767,12.533,1962,2006,DNK
DJM00063125,11.55,43.15,1973,1994,DJI
DRM00078486,18.4333,-69.8833,1962,2023,
ECM00084008,-0.9,-89.6,1967,2018,ECU
ECM00084132,-0.9169,-75.4031,2015,2016,ECU
ECM00084203,-2.1581,-79.8839,1957,2021,
EGM00062305,31.533,25.183,1932,2000,EGY
EGM00062306,31.3253,27.2217,1934,2023,EGY
EGM00062318,31.167,29.933,1947,1986,EGY
EGM00062332,31.283,32.233,1973,1991,EGY
EGM00062337,31.0733,33.8358,1950,2023,EGY
EGM00062378,29.8628,31.3492,1920,2023,EGY
EGM00062387,28.083,30.733,1973,1993,EGY
EGM00062403,26.2003,32.7467,2003,2023,EGY
EGM00062405,25.667,32.7,1947,1990,EGY
EGM00062414,23.9644,32.82,1936,2023,EGY
EGM00062417,29.183,25.517,1948,2000,EGY
EGM00062420,28.333,28.867,1976,2000,EGY
EGM00062423,27.0583,27.9892,1953,2023,EGY
EGM00062432,25.5,28.967,1973,1999,EGY
EGM00062435,25.45,30.533,1948,1995,EGY
EGM00062463,27.15,33.717,1949,1991,EGY
EIM00003953,51.9381,-10.2433,1949,2023,IRL
ENM00026038,59.3981,24.6028,1947,2023,EST
ERM00063021,15.283,38.917,1977,1991,ERI
ETM00063450,9.0333,38.75,1958,2021,ETH
ETM00063478,5.9,43.583,1977,1988,ETH
EUM00061972,-22.333,40.333,1973,2001,ATF
EZM00011520,50.0078,14.4469,1969,2023,CZE
EZM00011722,49.08,16.62,1996,2003,CZE
EZM00011747,49.4525,17.1347,2003,2023,CZE
FGM00081401,5.5,-54.033,1974,2001,FRA
FGM00081405,4.8222,-52.3653,1953,2023,FRA
FGM00081408,3.883,-51.8,1974,2000,BRA
FGM00081415,3.633,-54.033,1974,2004,SUR
FIM00002836,67.3667,26.6289,1920,2023,FIN
FIM00002935,62.3975,25.6708,1957,2016,FIN
FIM00002963,60.8139,23.4975,1957,2023,FIN
FJM00091680,-17.75,177.45,1949,2023,FJI
FKM00088889,-51.82,-58.4481,1990,2023,FLK
FMM00091334,7.45,151.8333,1951,2023,
FMM00091348,6.95,158.2,1950,2023,FSM
FMM00091413,9.4833,138.0667,1949,2023,
FOM00006011,62.0231,-6.7647,1949,2023,FRO
FPM00091925,-9.8061,-139.0356,1968,2023,
FPM00091928,-14.8,-138.817,1973,1989,
FPM00091929,-16.45,-151.75,1974,1999,
FPM00091938,-17.5553,-149.6145,1957,2023,PYF
FPM00091941,-14.95,-147.659,1978,1988,
FPM00091943,-14.4833,-145.0333,1973,2009,
FPM00091944,-18.067,-140.95,1971,1997,
FPM00091945,-19.9061,-144.9494,1973,2010,
FPM00091948,-23.1303,-134.9653,1970,2023,
FPM00091952,-21.817,-138.8,1974,1997,
FPM00091954,-23.35,-149.4833,1973,2010,
FPM00091958,-27.6183,-144.3347,1967,2023,PYF
FRM00007110,48.4442,-4.4119,1940,2023,FRA
FRM00007130,48.067,-1.733,1920,1996,FRA
FRM00007145,48.7744,2.0097,1949,2023,FRA
FRM00007180,48.6833,6.2167,1954,2010,FRA
FRM00007255,47.067,2.367,1973,2001,FRA
FRM00007280,47.267,5.083,1974,1990,FRA
FRM00007412,45.667,-0.317,1974,1994,FRA
FRM00007481,45.7264,5.0778,1975,2011,FRA
FRM00007510,44.8306,-0.6914,1920,2023,FRA
FRM00007645,43.8569,4.4064,1949,2023,FRA
FRM00007690,43.65,7.2,1973,1999,
FRM00007761,41.9181,8.7928,1951,2023,FRA
FSM00061996,-37.7953,77.5692,1951,2011,
FSM00061998,-49.3522,70.2433,1968,2023,ATF
GBM00064500,0.45,9.4167,1973,2022,
GBM00064501,-0.7,8.75,1950,2002,GAB
GBM00064510,2.083,11.483,1976,1986,GAB
GGM00037260,43.017,41.033,1947,1992,GEO
GGM00037484,41.633,41.6,1968,1991,
GGM00037549,41.6833,44.95,1946,2004,GEO
GHM00065418,9.5,-0.85,1973,2008,GHA
GHM00065472,5.6,-0.1667,1973,1998,GHA
GIM00008495,36.15,-5.35,1951,2015,ESP
GLM00004202,76.533,-68.75,1946,2006,GRL
GLM00004220,68.7081,-52.8517,1950,2023,
GLM00004270,61.1667,-45.4167,1946,2023,GRL
GLM00004320,76.7694,-18.6681,1950,2023,GRL
GLM00004339,70.4844,-21.9511,1946,2023,GRL
GLM00004360,65.6111,-37.6367,1949,2023,GRL
GLM00004417,72.5803,-38.4586,2012,2023,GRL
GMM00010035,54.5333,9.55,1954,2023,DEU
GMM00010046,54.383,10.15,1969,1994,DEU
GMM00010113,53.7139,7.1525,2011,2023,DEU
GMM00010184,54.0978,13.4075,1950,2023,DEU
GMM00010200,53.3894,7.2269,1952,2011,DEU
GMM00010238,52.8153,9.9247,1969,2023,DEU
GMM00010272,53.2,12.517,1995,1998,DEU
GMM00010304,52.7156,7.3175,1972,2023,DEU
GMM00010338,52.467,9.7,1949,1997,DEU
GMM00010384,52.483,13.417,1941,1993,DEU
GMM00010393,52.2167,14.1167,1905,2023,DEU
GMM00010410,51.4056,6.9686,1965,2023,DEU
GMM00010437,51.13,9.28,1977,2007,DEU
GMM00010468,51.55,12.0667,2000,2006,DEU
GMM00010486,51.11,13.67,1950,2000,DEU
GMM00010533,50.6,8.733,1982,1989,DEU
GMM00010548,50.5617,10.3772,1969,2023,DEU
GMM00010618,49.6928,7.3264,1971,2023,DEU
GMM00010619,49.65,7.3,1974,1989,DEU
GMM00010640,50.11,8.73,1995,1996,DEU
GMM00010642,50.167,8.95,1969,1989,DEU
GMM00010643,49.95,8.967,1982,1988,DEU
GMM00010657,49.767,9.483,1972,1989,DEU
GMM00010687,49.7,11.95,1970,1992,DEU
GMM00010729,49.517,8.55,1995,1996,DEU
GMM00010739,48.8333,9.2,1957,2023,DEU
GMM00010764,49.383,11.167,1979,1990,DEU
GMM00010771,49.4283,11.9022,1969,2023,DEU
GMM00010828,48.1,9.25,1995,2007,DEU
GMM00010868,48.2442,11.5525,1976,2023,DEU
GMM00010921,47.983,8.9,1971,1994,DEU
GMM00010954,47.8342,10.8667,1977,2023,DEU
GMM00010962,47.8019,11.0119,1982,2023,DEU
GOM00061968,-11.583,47.283,1973,2000,
GPM00078897,16.2639,-61.5164,1952,2023,FRA
GQM00091212,13.4767,144.7944,1945,2023,GUM
GRM00016622,40.5272,22.9714,1955,2023,GRC
GRM00016716,37.8897,23.7417,1949,2023,GRC
GRM00016754,35.3353,25.1819,1964,2023,GRC
GTM00078641,14.5333,-90.5667,1973,1990,GTM
GVM00061831,9.5667,-13.6167,1940,2000,GIN
HKM00045004,22.3272,114.1686,1949,2023,HKG
HOM00078720,14.05,-87.25,1976,1997,HND
HOM00078721,14.3667,-87.6167,2008,2012,HND
HRM00013334,43.517,16.433,1956,1989,HRV
HRM00014240,45.8219,16.0336,1955,2023,HRV
HRM00014430,44.0969,15.3403,1982,2023,HRV
HUM00012843,47.4333,19.1833,1949,2023,HUN
HUM00012982,46.25,20.1,1965,2023,HUN
ICM00004018,63.9806,-22.595,1946,2023,ISL
ICM00004089,65.2833,-14.4,1996,2023,ISL
IDM00096009,5.1833,97.1333,1983,2023,IDN
IDM00096011,5.5167,95.4167,1973,2023,IDN
IDM00096015,4.25,96.1167,1995,2023,IDN
IDM00096035,3.6403,98.8786,1973,2023,IDN
IDM00096073,1.55,98.8833,1973,2023,IDN
IDM00096075,1.2667,97.6,1989,2023,IDN
IDM00096091,0.9167,104.5333,1975,2023,IDN
IDM00096109,0.4667,101.45,1973,2023,IDN
IDM00096145,3.2,106.25,1980,2023,IDN
IDM00096147,3.95,108.3833,1978,2023,IDN
IDM00096163,-0.7883,100.2808,1973,2023,IDN
IDM00096171,-0.3333,102.3167,1975,2023,IDN
IDM00096179,-0.4833,104.5833,1978,2023,IDN
IDM00096195,-1.6333,103.65,1973,2023,IDN
IDM00096207,-2.0939,101.4698,2007,2023,IDN
IDM00096221,-2.9,104.7,1973,2023,IDN
IDM00096237,-2.1667,106.1333,1973,2023,IDN
IDM00096249,-2.75,107.75,1975,2023,IDN
IDM00096253,-3.8833,102.3333,1973,2023,IDN
IDM00096295,-5.1,105.1833,1976,2023,IDN
IDM00096509,3.3333,117.5667,1973,2023,IDN
IDM00096529,2.1167,117.45,1996,2023,IDN
IDM00096535,1.7667,109.3,1997,2023,
IDM00096565,0.8833,112.9333,1998,2023,IDN
IDM00096581,-0.15,109.4,1974,2023,IDN
IDM00096595,-0.95,114.9,1994,2023,IDN
IDM00096607,-0.4844,117.1569,1993,2023,IDN
IDM00096633,-1.2667,116.9,1973,2023,
IDM00096645,-2.7,111.7,1983,2023,IDN
IDM00096655,-2.225,113.9428,1984,2023,IDN
IDM00096685,-3.4333,114.75,1973,2023,IDN
IDM00096737,-6.1167,106.1333,1984,2023,IDN
IDM00096739,-6.2333,106.65,1975,2023,IDN
IDM00096749,-6.1167,106.65,1909,2023,IDN
IDM00096773,-6.55,107.667,1975,1993,IDN
IDM00096781,-6.9,107.583,1961,1989,IDN
IDM00096791,-6.75,108.2667,1984,2023,IDN
IDM00096797,-6.85,109.15,1983,2023,
IDM00096801,-7.333,108.25,1976,1994,IDN
IDM00096805,-7.7333,109.0167,1973,2023,
IDM00096839,-6.9833,110.3833,1973,2023,IDN
IDM00096845,-7.5167,110.75,1973,1989,IDN
IDM00096853,-7.783,110.433,1973,1993,IDN
IDM00096881,-7.617,111.517,1973,1993,IDN
IDM00096925,-5.85,112.6333,1973,2023,
IDM00096935,-7.3772,112.7939,1957,2023,IDN
IDM00096947,-7.967,112.7,1977,1993,IDN
IDM00096973,-7.05,113.9667,1983,2023,
IDM00096987,-8.2167,114.3833,1986,2023,IDN
IDM00097008,3.5833,125.4667,1990,2023,
IDM00097014,1.5333,124.9167,1973,2023,IDN
IDM00097028,1.0167,120.8,1985,2023,IDN
IDM00097048,0.5167,123.0667,1976,2023,IDN
IDM00097072,-0.6833,119.7333,1975,2023,IDN
IDM00097086,-1.0405,122.7709,1991,2023,
IDM00097096,-1.3833,120.7333,1984,2023,IDN
IDM00097120,-3.5,119.0,1996,2023,IDN
IDM00097146,-4.1,122.433,1973,1992,IDN
IDM00097180,-5.0667,119.55,1973,2023,IDN
IDM00097192,-5.4667,122.6167,1992,2023,IDN
IDM00097230,-8.75,115.1667,1973,2023,
IDM00097240,-8.55,116.0833,1979,2023,IDN
IDM00097260,-8.4333,117.4167,1976,2023,
IDM00097270,-8.55,118.7,1989,2023,IDN
IDM00097300,-8.6333,122.25,1979,2023,IDN
IDM00097340,-9.6667,120.3333,1974,2023,
IDM00097372,-10.1667,123.6667,1973,2023,IDN
IDM00097430,0.7667,127.3667,1983,2023,
IDM00097460,-0.6333,127.5,1996,2023,IDN
IDM00097502,-0.8939,131.2858,1987,2023,IDN
IDM00097530,-0.8833,134.05,1992,2023,IDN
IDM00097560,-1.1833,136.1167,1973,2023,IDN
IDM00097600,-2.0833,126.0,1980,2023,
IDM00097686,-4.0667,138.95,1991,2023,IDN
IDM00097690,-2.5667,140.4833,1973,2023,IDN
IDM00097724,-3.7,128.0833,1978,2023,IDN
IDM00097748,-3.8,130.8333,1984,2023,
IDM00097760,-3.6667,133.75,1993,2023,
IDM00097810,-5.6833,132.75,1979,2023,
IDM00097876,-6.1,140.3,1995,2023,IDN
IDM00097900,-7.9833,131.3,1978,2023,
IDM00097980,-8.4667,140.3833,1987,2023,IDN
INM00042027,34.0833,74.8333,1962,2023,IND
INM00042056,32.6667,74.8333,2015,2023,IND
INM00042071,31.6333,74.8667,1957,2022,IND
INM00042079,31.5333,76.9,2016,2023,IND
INM00042101,30.3333,76.4667,1975,2023,IND
INM00042103,30.3833,76.7667,1928,2023,IND
INM00042111,30.3167,78.0333,1973,2023,IND
INM00042123,29.9167,73.8833,2015,2023,IND
INM00042165,28.0,73.3,1973,2023,IND
INM00042170,28.25,74.9167,2015,2023,IND
INM00042182,28.5833,77.2,1930,2023,IND
INM00042189,28.3667,79.4,1973,2023,IND
INM00042260,27.15,77.9667,1926,2019,IND
INM00042273,27.5667,81.6,1973,2019,IND
INM00042299,27.3333,88.6167,2016,2023,IND
INM00042314,27.4833,95.0167,1945,2023,IND
INM00042328,26.9,70.9167,2015,2023,IND
INM00042339,26.3,73.0167,1935,2023,IND
INM00042348,26.8167,75.8,1973,2023,IND
INM00042361,26.2333,78.25,1938,2023,IND
INM00042369,26.75,80.8833,1967,2023,IND
INM00042379,26.75,83.3667,1973,2023,IND
INM00042397,26.6667,88.3667,1973,2015,IND
INM00042399,26.5333,88.7167,2015,2023,IND
INM00042410,26.1,91.5833,1956,2023,IND
INM00042435,25.75,71.3833,2015,2023,IND
INM00042452,25.15,75.85,2015,2022,IND
INM00042475,25.45,81.733,1930,2008,IND
INM00042492,25.6,85.1667,1928,2023,IND
INM00042498,25.2333,86.95,1973,2023,IND
INM00042516,25.5667,91.8833,1953,2023,IND
INM00042539,24.2,72.2,1973,2022,IND
INM00042542,24.6167,73.8833,1976,2022,IND
INM00042591,24.75,84.95,1938,2023,IND
INM00042623,24.7667,93.9,1973,2023,IND
INM00042634,23.25,69.8,1973,2022,IND
INM00042647,23.0667,72.6333,1928,2023,IND
INM00042667,23.2833,77.35,1973,2023,IND
INM00042675,23.2,79.95,1928,2023,IND
INM00042700,23.367,85.333,1973,1993,IND
INM00042701,23.3167,85.3167,1929,2023,IND
INM00042704,23.467,87.433,1973,1990,IND
INM00042706,23.3833,87.0833,2015,2023,IND
INM00042724,23.8833,91.25,1973,2023,IND
INM00042726,23.8333,92.6167,2019,2019,IND
INM00042779,22.767,81.9,1981,1993,IND
INM00042798,22.8167,86.1833,1941,2023,IND
INM00042809,22.65,88.45,1938,2023,IND
INM00042840,21.2,72.8333,1973,2018,IND
INM00042867,21.1,79.05,1946,2023,IND
INM00042874,21.2333,81.65,1973,2023,IND
INM00042886,21.9167,84.0833,1973,2023,IND
INM00042895,21.5167,86.9333,1979,2019,IND
INM00042909,20.9,70.367,1941,2008,
INM00042971,20.25,85.8333,1971,2023,IND
INM00043003,19.1167,72.85,1938,2023,IND
INM00043014,19.85,75.4,1973,2023,IND
INM00043041,19.0833,82.0333,1973,2023,IND
INM00043049,19.2667,84.8833,1973,2023,IND
INM00043063,18.5333,73.85,1926,2023,IND
INM00043086,18.7667,79.4333,2019,2023,IND
INM00043110,16.9833,73.3333,1973,2023,IND
INM00043128,17.45,78.4667,1929,2023,IND
INM00043150,17.6833,83.3,1938,2023,
INM00043185,16.2,81.15,1983,2023,IND
INM00043192,15.4833,73.8167,1954,2021,IND
INM00043201,15.4167,75.6333,1973,2023,IND
INM00043237,14.6833,77.6167,1973,2010,IND
INM00043243,14.9167,80.0,2019,2023,IND
INM00043279,13.0,80.1833,1926,2023,IND
INM00043285,12.95,74.8333,1973,2023,IND
INM00043295,12.9667,77.5833,1926,2023,IND
INM00043311,11.1167,72.7333,1973,2020,
INM00043333,11.6667,92.7167,1926,2023,
INM00043344,10.7667,78.7167,1938,2015,IND
INM00043346,10.9167,79.8333,1973,2023,IND
INM00043353,9.9333,76.2333,1967,2023,
INM00043368,9.15,92.81,1940,1990,IND
INM00043369,8.3,73.15,1965,2021,
INM00043371,8.4833,76.95,1928,2023,IND
IOM00061967,-7.3,72.4,1967,2006,IOT
IRM00040706,38.0833,46.2833,1970,2023,IRN
IRM00040745,36.2667,59.6333,1969,2023,IRN
IRM00040754,35.6833,51.3167,1961,2023,IRN
IRM00040766,34.35,47.15,1973,2023,IRN
IRM00040800,32.5175,51.7061,1969,2023,IRN
IRM00040809,32.8667,59.2,1989,2023,IRN
IRM00040811,31.3333,48.6667,1989,2023,IRN
IRM00040821,31.9,54.2833,2005,2012,IRN
IRM00040841,30.25,56.9667,1967,2023,IRN
IRM00040848,29.5333,52.6,1968,2023,IRN
IRM00040856,29.4667,60.8833,2005,2023,IRN
IRM00040875,27.2167,56.3667,1989,2022,IRN
ISM00040179,32.0,34.8167,1963,2023,ISR
ISM00040186,31.8667,34.6833,2008,2023,ISR
ISM00040199,29.55,34.95,1973,1988,ISR
ITM00016037,46.0303,12.5992,2010,2011,ITA
ITM00016044,46.0333,13.1833,1958,2016,ITA
ITM00016045,45.9806,13.0592,2016,2023,ITA
ITM00016080,45.4614,9.2831,1949,2021,ITA
ITM00016113,44.5392,7.6125,2000,2023,ITA
ITM00016144,44.6539,11.6225,1986,2023,ITA
ITM00016242,41.8,12.233,1952,1986,ITA
ITM00016245,41.67,12.4508,1986,2023,ITA
ITM00016320,40.6603,17.9567,1953,2021,
ITM00016429,37.9142,12.4914,1974,2023,ITA
ITM00016546,39.3461,8.9675,2012,2023,ITA
ITM00016560,39.2436,9.06,1949,2012,
IVM00065536,9.417,-5.617,1978,1995,CIV
IVM00065536,9.417,-5.617,1978,1995,CIV
IVM00065548,7.3833,-7.5167,1973,2023,CIV
IVM00065548,7.3833,-7.5167,1973,2023,CIV
IVM00065555,7.733,-5.067,1940,1997,CIV
IVM00065555,7.733,-5.067,1940,1997,CIV
IVM00065578,5.25,-3.9333,1940,2023,CIV
IVM00065578,5.25,-3.9333,1940,2023,CIV
IVM00065592,4.417,-7.367,1944,1994,CIV
IVM00065592,4.417,-7.367,1944,1994,CIV
IZM00040650,33.3,44.4,1958,2015,IRQ
IZM00040689,30.517,47.783,1957,1990,IRQ
JAM00047401,45.415,141.6789,1949,2023,JPN
JAM00047412,43.06,141.3286,1949,2023,JPN
JAM00047418,42.9531,144.4375,2010,2022,JPN
JAM00047420,43.3333,145.5833,1957,2010,JPN
JAM00047580,40.7053,141.3719,1948,2020,JPN
JAM00047582,39.7175,140.0992,1956,2023,JPN
JAM00047590,38.267,140.9,1956,2008,JPN
JAM00047600,37.3914,136.8953,1956,2023,JPN
JAM00047604,37.917,139.05,1973,1990,JPN
JAM00047624,36.4,139.067,1973,1990,JPN
JAM00047646,36.0581,140.1258,1949,2023,JPN
JAM00047655,34.6,138.217,1973,1990,JPN
JAM00047678,33.1217,139.7792,1958,2023,JPN
JAM00047681,34.7503,137.703,1966,2019,JPN
JAM00047684,34.933,136.583,1973,1990,JPN
JAM00047741,35.4572,133.0656,2010,2023,JPN
JAM00047744,35.4333,133.35,1949,2010,JPN
JAM00047764,34.15,132.22,1955,1990,JPN
JAM00047772,34.683,135.517,1947,1992,JPN
JAM00047778,33.4503,135.7572,1956,2023,JPN
JAM00047807,33.5822,130.3764,1947,2023,JPN
JAM00047810,33.15,130.3,1999,2000,JPN
JAM00047827,31.555,130.5481,1956,2023,JPN
JAM00047881,34.133,134.6,1970,2006,JPN
JAM00047898,32.717,133.017,1973,1990,JPN
JAM00047909,28.3942,129.5528,1957,2023,JPN
JAM00047918,24.3367,124.1644,1964,2023,JPN
JAM00047931,26.35,127.75,1948,1990,JPN
JAM00047936,26.2,127.683,1973,2008,JPN
JAM00047945,25.8289,131.2286,1961,2023,JPN
JAM00047971,27.0922,142.1914,1967,2023,
JAM00047981,24.783,141.333,1948,2008,JPN
JAM00047991,24.2883,153.9833,1951,2023,JPN
JMM00078397,18.0667,-76.85,1956,2023,JAM
JNM00001001,70.9397,-8.6678,1949,2023,
JOM00040265,32.3667,36.25,1963,2023,JOR
JOM00040270,31.983,35.983,1976,1986,JOR
JUM00061970,-17.05,42.717,1974,1998,
KEM00063612,3.1186,35.64,1973,2020,KEN
KEM00063619,3.533,39.05,1974,1991,ETH
KEM00063624,3.933,41.867,1973,1990,SOM
KEM00063641,2.333,37.983,1979,1991,KEN
KEM00063661,1.017,35.0,1961,1996,KEN
KEM00063671,1.75,40.067,1952,1990,KEN
KEM00063686,0.483,35.3,1979,1995,KEN
KEM00063695,0.083,37.65,1977,1995,KEN
KEM00063708,-0.1,34.75,1960,1991,KEN
KEM00063710,-0.367,35.267,1975,1996,KEN
KEM00063714,-0.267,36.1,1973,1999,KEN
KEM00063717,-0.433,36.967,1979,1988,KEN
KEM00063720,-0.5,37.45,1979,1995,KEN
KEM00063723,-0.467,39.633,1973,1999,KEN
KEM00063737,-1.133,35.833,1973,1996,KEN
KEM00063741,-1.3036,36.7597,1949,2023,KEN
KEM00063766,-2.283,37.833,1973,1999,KEN
KEM00063793,-3.4,38.567,1973,1995,KEN
KEM00063799,-3.217,40.1,1973,1988,KEN
KGM00036974,41.433,76.0,1967,1992,KGZ
KGM00038353,42.833,74.583,1956,2007,KGZ
KGM00038613,40.917,72.95,1958,1992,KGZ
KNM00047041,39.9333,127.55,1978,2015,PRK
KNM00047058,39.0333,125.7833,1957,2016,PRK
KRM00091492,2.0,-157.4,1962,2001,KIR
KRM00091610,1.35,172.9167,1958,2023,
KRM00091701,-2.767,-171.717,1943,1992,KIR
KSM00047090,38.2508,128.5647,2001,2023,KOR
KSM00047090,38.2508,128.5647,2001,2023,KOR
KSM00047101,37.9025,127.7358,1970,2012,KOR
KSM00047101,37.9025,127.7358,1970,2012,KOR
KSM00047102,37.966,124.63,1973,2008,KOR
KSM00047102,37.966,124.63,1973,2008,KOR
KSM00047107,37.75,128.95,1973,2000,KOR
KSM00047107,37.75,128.95,1973,2000,KOR
KSM00047110,37.567,126.783,1945,1990,KOR
KSM00047110,37.567,126.783,1945,1990,KOR
KSM00047111,37.433,127.117,1978,1988,KOR
KSM00047111,37.433,127.117,1978,1988,KOR
KSM00047113,37.4667,126.4333,2020,2020,KOR
KSM00047113,37.4667,126.4333,2020,2020,KOR
KSM00047118,37.433,127.95,1973,2000,KOR
KSM00047118,37.433,127.95,1973,2000,KOR
KSM00047122,37.0833,127.0333,1957,2023,KOR
KSM00047122,37.0833,127.0333,1957,2023,KOR
KSM00047123,37.1,128.8667,1987,2000,KOR
KSM00047123,37.1,128.8667,1987,2000,KOR
KSM00047128,36.7,127.5,1979,2000,KOR
KSM00047128,36.7,127.5,1979,2000,KOR
KSM00047129,36.767,126.467,1997,2000,KOR
KSM00047129,36.767,126.467,1997,2000,KOR
KSM00047131,36.633,127.433,1978,2000,KOR
KSM00047131,36.633,127.433,1978,2000,KOR
KSM00047134,36.617,128.35,1977,2000,KOR
KSM00047134,36.617,128.35,1977,2000,KOR
KSM00047138,36.0319,129.38,1967,2023,KOR
KSM00047138,36.0319,129.38,1967,2023,KOR
KSM00047142,35.9,128.65,1973,2000,KOR
KSM00047142,35.9,128.65,1973,2000,KOR
KSM00047153,35.169,128.934,1973,2000,KOR
KSM00047153,35.169,128.934,1973,2000,KOR
KSM00047155,35.1703,128.5728,2016,2023,KOR
KSM00047155,35.1703,128.5728,2016,2023,KOR
KSM00047158,35.1167,126.8,1973,2023,KOR
KSM00047158,35.1167,126.8,1973,2023,KOR
KSM00047161,35.083,128.083,1952,2000,KOR
KSM00047161,35.083,128.083,1952,2000,KOR
KSM00047169,34.6872,125.4511,2003,2023,KOR
KSM00047169,34.6872,125.4511,2003,2023,KOR
KSM00047185,33.2939,126.1628,1988,2016,
KSM00047199,35.433,126.433,1980,1986,
KUM00040582,29.2425,47.9714,1983,2023,KWT
KZM00028951,53.2333,63.6167,1950,2023,KAZ
KZM00035108,51.25,51.4,1950,1996,KAZ
KZM00035229,50.2833,57.15,1946,2023,KAZ
KZM00035361,50.133,65.233,1962,1989,KAZ
KZM00035394,49.8,73.15,1946,2023,KAZ
KZM00035671,47.8,67.7167,1961,2023,KAZ
KZM00035700,47.1167,51.9167,1951,2023,KAZ
KZM00035746,46.783,61.65,1947,1995,KAZ
KZM00035796,46.8,75.083,1953,1995,KAZ
KZM00036003,52.3,76.9333,1958,2023,KAZ
KZM00036177,50.417,80.3,1947,1995,KAZ
KZM00036859,44.167,80.067,1957,1994,KAZ
KZM00036872,43.3633,77.0042,1940,2023,KAZ
KZM00038064,44.7667,65.5167,1950,2023,KAZ
KZM00038341,42.85,71.3,1956,2023,KAZ
LAM00048940,17.95,102.567,1973,1987,THA
LEM00040100,33.817,35.483,1953,2007,LBN
LGM00026406,56.483,21.017,1950,1992,LVA
LGM00026422,56.917,23.967,1942,2005,LVA
LGM00026435,56.6425,25.1283,2006,2023,LVA
LHM00026629,54.8839,23.8358,1947,2023,LTU
LIM00065660,6.25,-10.35,1977,1987,LBR
LOM00011952,49.0333,20.3167,1977,2023,SVK
LYM00062002,31.867,10.983,1973,1986,LBY
LYM00062002,31.867,10.983,1973,1986,LBY
LYM00062007,32.883,12.083,1973,1986,LBY
LYM00062007,32.883,12.083,1973,1986,LBY
LYM00062010,32.6833,13.1667,1971,2010,LBY
LYM00062010,32.6833,13.1667,1971,2010,LBY
LYM00062016,32.417,15.05,1981,1986,LBY
LYM00062016,32.417,15.05,1981,1986,LBY
LYM00062019,31.2,16.583,1975,1995,LBY
LYM00062019,31.2,16.583,1975,1995,LBY
LYM00062053,32.1,20.2667,1951,2013,LBY
LYM00062053,32.1,20.2667,1951,2013,LBY
LYM00062055,30.717,20.167,1973,1986,LBY
LYM00062055,30.717,20.167,1973,1986,LBY
LYM00062059,32.783,22.583,1942,1986,LBY
LYM00062059,32.783,22.583,1942,1986,LBY
LYM00062062,32.1,23.933,1958,1986,LBY
LYM00062062,32.1,23.933,1958,1986,LBY
LYM00062103,30.133,9.5,1973,1997,LBY
LYM00062103,30.133,9.5,1973,1997,LBY
LYM00062124,27.0167,14.45,1975,2011,LBY
LYM00062124,27.0167,14.45,1975,2011,LBY
LYM00062161,29.033,21.567,1973,1986,LBY
LYM00062161,29.033,21.567,1973,1986,LBY
LYM00062176,29.75,24.533,1973,1986,LBY
LYM00062176,29.75,24.533,1973,1986,LBY
LYM00062259,25.8,21.133,1973,1986,LBY
LYM00062259,25.8,21.133,1973,1986,LBY
LYM00062271,24.217,23.3,1973,1989,LBY
LYM00062271,24.217,23.3,1973,1989,LBY
MAM00067009,-12.35,49.3,1973,2001,MDG
MAM00067025,-15.0,50.333,1973,1999,MDG
MAM00067027,-15.6667,46.35,1973,2023,MDG
MAM00067083,-18.8,47.4833,1967,2023,MDG
MAM00067095,-18.1167,49.4,1973,2021,MDG
MAM00067117,-20.283,44.317,1973,1997,MDG
MAM00067137,-21.45,47.1,1973,1994,MDG
MAM00067143,-21.2,48.367,1973,1995,MDG
MAM00067152,-22.55,45.4,1973,2006,MDG
MAM00067161,-23.383,43.733,1973,1996,MDG
MAM00067197,-25.0333,46.95,1972,2023,MDG
MBM00078925,14.6,-61.0,1973,2001,FRA
MDM00033815,47.017,28.867,1949,2002,MDA
MFM00067005,-12.8,45.2833,1973,2009,FRA
MGM00044212,49.8,92.0833,1971,2023,MNG
MGM00044231,49.6333,100.1667,1971,2023,MNG
MGM00044259,48.0833,114.55,1973,2013,MNG
MGM00044277,46.4,96.25,1970,2013,MNG
MGM00044288,46.2667,102.7833,1973,2013,MNG
MGM00044292,47.9167,106.8667,1956,2023,MNG
MGM00044354,44.9,110.117,1957,1990,MNG
MGM00044373,43.5833,104.4167,1959,2023,MNG
MGM00044385,43.2,107.167,1974,1989,MNG
MIM00067423,-9.95,33.883,1970,1994,MWI
MIM00067485,-11.883,33.617,1962,1994,MWI
MIM00067489,-11.45,34.017,1966,1992,MWI
MIM00067586,-13.783,33.767,1982,2002,MWI
MIM00067597,-13.75,34.583,1972,1995,MWI
MIM00067693,-15.683,34.967,1962,1992,MWI
MKM00013586,41.95,21.633,1973,2008,MKD
MLM00061202,20.2,0.9833,1948,2010,MLI
MLM00061214,18.433,1.35,1973,1993,MLI
MLM00061223,16.7167,-3.0,1973,2012,MLI
MLM00061226,16.267,-0.05,1940,2005,MLI
MLM00061233,15.167,-7.283,1978,1991,MLI
MLM00061257,14.482,-11.44,1973,1997,MLI
MLM00061265,14.5167,-4.1,1973,2023,MLI
MLM00061272,13.433,-6.283,1945,1990,MLI
MLM00061291,12.5333,-7.95,1975,2023,MLI
MOM00060101,35.733,-5.9,1984,1987,MAR
MOM00060115,34.783,-1.95,1973,1997,MAR
MOM00060155,33.5667,-7.6667,1949,2023,MAR
MOM00060191,32.367,-6.4,1986,2023,MAR
MOM00060195,32.683,-4.733,1973,1988,MAR
MOM00060210,31.933,-4.4,1974,1995,MAR
MOM00060230,31.617,-8.033,1973,1994,MAR
MOM00060250,30.383,-9.567,1969,1991,MAR
MOM00060252,30.333,-9.417,1992,2003,MAR
MPM00061974,-10.433,56.75,1973,2006,
MPM00061986,-16.45,59.617,1973,2006,
MPM00061988,-19.683,63.417,1973,2006,MUS
MPM00061995,-20.2975,57.4947,1966,2022,MUS
MQM00091066,28.2,-177.3833,1947,1991,UMI
MRM00061401,25.233,-11.617,1951,1989,MRT
MRM00061404,22.75,-12.483,1984,1993,MRT
MRM00061415,20.9333,-17.0333,1940,2023,MRT
MRM00061421,20.517,-13.067,1940,1989,MRT
MRM00061442,18.1,-15.95,1941,2023,MRT
MRM00061497,16.6,-7.267,1942,1991,MRT
MRM00061498,16.633,-11.4,1973,1993,MRT
MTM00016597,35.85,14.483,1949,2000,MLT
MUM00041256,23.5953,58.2983,1978,2023,OMN
MUM00041316,17.0439,54.1022,1973,2023,OMN
MVM00043555,4.1917,73.5292,1975,2011,MDV
MVM00043599,-0.6933,73.1556,1961,2021,
MXM00076151,28.883,-118.3,1971,1998,
MXM00076225,28.6667,-106.0333,1964,2023,MEX
MXM00076256,27.95,-110.8,1964,2023,MEX
MXM00076370,25.617,-109.05,2005,2006,MEX
MXM00076382,25.533,-103.45,1994,2004,MEX
MXM00076394,25.8667,-100.2333,1964,2023,MEX
MXM00076405,24.1167,-110.3167,1975,2023,MEX
MXM00076458,23.2167,-106.4,1948,2023,MEX
MXM00076526,22.75,-102.5,2000,2023,MEX
MXM00076549,22.283,-97.85,2002,2006,MEX
MXM00076595,21.0167,-86.85,1995,2023,MEX
MXM00076612,20.7,-103.3833,1979,2023,MEX
MXM00076644,20.95,-89.65,1948,2023,MEX
MXM00076654,19.0667,-104.3333,1976,2023,
MXM00076679,19.4333,-99.1333,1948,2023,MEX
MXM00076692,19.15,-96.1333,1952,2023,MEX
MXM00076713,18.633,-91.833,2005,2005,
MXM00076723,18.717,-110.95,1973,2007,
MXM00076743,17.9833,-92.9333,2005,2023,MEX
MXM00076805,16.75,-99.75,1974,2023,MEX
MXM00076833,16.1667,-95.1667,2002,2003,MEX
MXM00076903,14.9167,-92.25,2011,2023,MEX
MYM00048601,5.3,100.2667,1968,2023,MYS
MYM00048615,6.1667,102.2833,1973,2023,MYS
MYM00048620,4.2167,100.7,1973,2018,MYS
MYM00048647,3.117,101.55,1971,1998,MYS
MYM00048648,3.1,101.65,1984,1999,MYS
MYM00048650,2.7167,101.7,1999,2023,MYS
MYM00048657,3.7833,103.2167,1971,2023,MYS
MYM00096413,1.4833,110.3333,1973,2023,MYS
MYM00096441,3.2,113.0333,1973,2023,
MYM00096471,5.9333,116.05,1969,2023,
MYM00096481,4.2667,117.8833,1979,2023,MYS
MYM00096491,5.9,118.0667,1973,2018,MYS
MZM00067237,-15.1,39.283,1972,2005,MOZ
MZM00067341,-25.917,32.567,1937,1996,MOZ
NCM00091577,-20.567,164.283,1973,2004,NCL
NCM00091582,-20.767,167.233,1973,2004,NCL
NCM00091592,-22.2761,166.4528,1960,2023,NCL
NFM00094996,-29.0389,167.9408,1943,2023,NFK
NGM00061017,18.683,12.917,1950,2001,NER
NGM00061024,16.9667,7.9833,1947,2023,NER
NGM00061052,13.4833,2.1667,1940,2023,NER
NGM00061075,13.8,5.25,1955,2012,NER
NGM00061080,13.467,7.083,1980,2002,NER
NGM00061090,13.7833,8.9833,1940,2012,NER
NHM00091557,-17.7,168.3,1986,2016,VUT
NIM00065046,12.05,8.5333,1972,2023,NGA
NIM00065125,9.25,7.0,2006,2016,NGA
NIM00065202,6.5,3.3833,1966,2021,NGA
NLM00006210,52.167,4.433,1994,2002,NLD
NLM00006235,52.9269,4.7811,1921,2014,NLD
NLM00006242,53.25,4.917,1977,2002,NLD
NLM00006260,52.0989,5.1797,1911,2023,NLD
NNM00078866,18.0333,-63.1167,1956,2023,
NOM00001010,69.3153,16.1308,2014,2023,
NOM00001152,67.2669,14.3586,1942,2014,
NOM00001241,63.7056,9.6117,1959,2023,NOR
NOM00001384,60.2,11.083,1949,2001,NOR
NOM00001400,56.5422,3.2236,1994,2023,
NOM00001415,58.8742,5.665,1949,2023,NOR
NOM00001492,59.9428,10.7194,2001,2023,NOR
NRM00091532,-0.5167,166.9167,1951,2013,NRU
NSM00081225,5.45,-55.2,1974,1986,SUR
NSM00081251,2.033,-56.117,1977,1986,SUR
NSM00081253,3.367,-57.333,1977,1986,GUY
NUM00078741,12.15,-86.167,1947,2007,NIC
NZM00093012,-35.1,173.267,1973,1996,NZL
NZM00093072,-36.3,174.7,1994,2006,NZL
NZM00093112,-36.7928,174.6214,1957,2023,NZL
NZM00093119,-37.017,174.8,1967,1988,NZL
NZM00093246,-38.117,176.317,1973,1991,NZL
NZM00093291,-38.6667,177.9833,1973,2011,NZL
NZM00093308,-39.0167,174.1833,1973,2011,NZL
NZM00093417,-40.9044,174.9839,1973,2023,NZL
NZM00093431,-41.3,174.63,1994,2006,NZL
NZM00093545,-41.3,173.217,1973,1991,NZL
NZM00093614,-42.7167,170.9833,1973,2012,NZL
NZM00093677,-42.417,173.7,1973,1991,NZL
NZM00093769,-43.78,172.02,1994,2006,NZL
NZM00093780,-43.483,172.55,1954,1996,NZL
NZM00093817,-45.0378,169.6839,2016,2023,NZL
NZM00093844,-46.4108,168.3178,1950,2023,NZL
NZM00093890,-45.933,170.2,1973,1991,NZL
NZM00093944,-52.55,169.15,1957,1995,NZL
NZM00093986,-43.95,-176.5667,1956,2011,
NZM00093997,-29.2447,-177.9289,1952,2020,NZL
PAM00086068,-22.0167,-60.6167,2001,2005,PRY
PAM00086218,-25.2333,-57.5167,1975,2023,PRY
PEM00084378,-3.7333,-73.25,2003,2010,PER
PEM00084401,-5.2,-80.6,2002,2007,PER
PEM00084416,-5.1833,-80.6,2003,2011,PER
PEM00084628,-12.0167,-77.1167,1957,2021,PER
PEM00084629,-12.15,-77.0,2009,2010,PER
PEM00084752,-16.333,-71.567,1973,2006,PER
PFM00059981,16.8333,112.3333,1958,2023,
PKM00041506,35.9217,71.8,1975,2023,PAK
PKM00041515,35.5667,71.7833,1949,2023,PAK
PKM00041516,35.9167,74.3333,1976,2003,PAK
PKM00041529,34.0333,71.9333,1926,2022,PAK
PKM00041560,33.8667,70.0833,1975,2009,PAK
PKM00041571,33.6167,73.1,1973,2009,PAK
PKM00041594,32.05,72.667,1970,2007,PAK
PKM00041598,32.9333,73.7167,1949,2023,PAK
PKM00041600,32.5,74.5333,2003,2021,PAK
PKM00041624,31.8167,70.9167,1935,2023,PAK
PKM00041640,31.55,74.3333,1960,2023,PAK
PKM00041661,30.2667,66.9167,1926,2019,PAK
PKM00041675,30.2,71.4333,1940,2023,PAK
PKM00041678,29.95,73.25,1980,2022,PAK
PKM00041685,29.8833,69.7167,1973,2009,PAK
PKM00041696,29.0333,66.5833,2005,2007,PAK
PKM00041710,28.8167,62.75,1973,2018,PAK
PKM00041712,28.8833,64.4,1940,2019,PAK
PKM00041715,28.3,68.4667,1935,2023,PAK
PKM00041718,28.65,70.6833,1949,2023,PAK
PKM00041739,26.9667,64.1,1973,2018,PAK
PKM00041744,27.8333,66.6333,1973,2018,PAK
PKM00041749,26.25,68.3667,1973,2023,PAK
PKM00041756,25.0667,61.8,1938,2017,PAK
PKM00041759,25.2667,63.4833,2003,2003,
PKM00041764,25.3833,68.4167,2002,2021,PAK
PKM00041768,25.5167,69.7833,1949,2023,PAK
PKM00041780,24.9,67.1333,1926,2023,PAK
PLM00012120,54.7536,17.5347,1972,2023,POL
PLM00012330,52.417,16.85,1959,1992,POL
PLM00012374,52.4078,20.9564,1956,2023,POL
PLM00012425,51.1131,16.8811,1956,2023,POL
PMM00078807,8.9667,-79.5667,1946,2023,PAN
POM00008507,39.0833,-28.0333,2009,2017,PRT
POM00008508,38.7678,-27.0856,1946,2023,PRT
POM00008522,32.6333,-16.9,1948,2023,
POM00008579,38.7667,-9.1333,1948,2019,PRT
PPM00092035,-9.3833,147.2167,1944,2015,PNG
PPM00092044,-2.05,147.4167,1950,2013,PNG
PPM00094014,-5.217,145.783,1950,1995,PNG
PPM00094027,-6.733,147.0,1947,1987,PNG
PPM00094047,-5.567,146.55,1994,1996,
PPM00094076,-2.567,150.817,1992,1994,PNG
PPM00094085,-4.217,152.183,1950,1988,
PPM00094087,-10.7,152.833,1976,1995,
PSM00091408,7.3333,134.4833,1950,2023,
QAM00041169,25.2731,51.6081,1978,2023,
REM00061980,-20.8925,55.5286,1973,2023,FRA
REM00061984,-21.333,55.483,1973,1990,
RIM00013275,44.7667,20.4167,1971,2023,SRB
RIM00013388,43.3333,21.9,1973,2023,SRB
RMM00091366,8.7333,167.7333,1949,2023,MHL
RMM00091376,7.0683,171.2942,1952,2023,
ROM00015010,47.717,22.883,1974,1993,ROU
ROM00015090,47.167,27.633,1974,1991,ROU
ROM00015120,46.7778,23.5714,1951,2012,ROU
ROM00015145,46.533,24.533,1977,1993,ROU
ROM00015150,46.583,26.983,1974,1996,ROU
ROM00015200,46.167,21.317,1973,1993,ROU
ROM00015235,45.833,24.933,1991,1993,ROU
ROM00015260,45.783,24.083,1974,1989,ROU
ROM00015302,45.5,25.583,1977,1988,ROU
ROM00015310,45.5,28.2,1973,1989,MDA
ROM00015350,45.15,26.817,1977,1992,ROU
ROM00015360,45.15,29.667,1991,1998,ROU
ROM00015410,44.633,22.633,1974,1993,SRB
ROM00015420,44.5106,26.0781,1950,2023,ROU
ROM00015480,44.217,28.633,1965,2001,ROU
RPM00098223,18.1828,120.5342,1950,2023,PHL
RPM00098233,17.6375,121.7525,2017,2023,PHL
RPM00098322,15.317,120.383,1973,1988,PHL
RPM00098327,15.167,120.567,1947,1991,PHL
RPM00098328,16.4039,120.6014,1973,2023,PHL
RPM00098426,14.8,120.267,1973,1992,
RPM00098433,14.5814,121.3692,2000,2023,PHL
RPM00098444,13.1506,123.7283,1973,2023,PHL
RPM00098618,9.7403,118.7586,1973,2023,PHL
RPM00098646,10.3222,123.98,1973,2023,
RPM00098747,8.4089,124.6119,2014,2023,PHL
RPM00098753,7.1278,125.6547,1978,2023,PHL
RQM00078526,18.4317,-65.9919,1946,2023,PRI
RSM00020046,80.6264,58.0589,1957,2023,
RSM00020069,79.5,76.98,1955,1991,RUS
RSM00020069,79.5,76.98,1955,1991,RUS
RSM00020274,77.5,82.23,1957,1991,
RSM00020292,77.7131,104.2919,1919,2023,RUS
RSM00020292,77.7131,104.2919,1919,2023,RUS
RSM00020353,76.95,68.58,1935,1993,
RSM00020667,73.33,70.03,1953,1995,RUS
RSM00020667,73.33,70.03,1953,1995,RUS
RSM00020674,73.5136,80.4064,1938,2023,
RSM00020744,72.3667,52.7,1950,2023,
RSM00020891,71.9772,102.4664,1949,2012,RUS
RSM00020891,71.9772,102.4664,1949,2012,RUS
RSM00021358,76.15,152.83,1958,1991,RUS
RSM00021358,76.15,152.83,1958,1991,RUS
RSM00021432,76.0,137.8667,1946,2023,RUS
RSM00021432,76.0,137.8667,1946,2023,RUS
RSM00021504,74.67,112.93,1958,1996,
RSM00021647,73.2,143.533,1958,1997,
RSM00021824,71.5833,128.9167,1939,2023,RUS
RSM00021824,71.5833,128.9167,1939,2023,RUS
RSM00021946,70.6167,147.8833,1955,2023,RUS
RSM00021946,70.6167,147.8833,1955,2023,RUS
RSM00021965,70.63,162.4,1924,1994,
RSM00021982,70.967,-178.65,1954,1999,
RSM00022113,68.9833,33.1167,1939,2018,RUS
RSM00022113,68.9833,33.1167,1939,2018,RUS
RSM00022217,67.1692,32.3542,1957,2023,RUS
RSM00022217,67.1692,32.3542,1957,2023,RUS
RSM00022271,67.8767,44.1742,1963,2023,RUS
RSM00022271,67.8767,44.1742,1963,2023,RUS
RSM00022522,64.95,34.65,1950,2023,RUS
RSM00022522,64.95,34.65,1950,2023,RUS
RSM00022543,64.6247,40.5114,1939,2023,RUS
RSM00022543,64.6247,40.5114,1939,2023,RUS
RSM00022802,61.717,30.717,1920,1990,RUS
RSM00022802,61.717,30.717,1920,1990,RUS
RSM00022820,61.8167,34.2667,1957,2023,RUS
RSM00022820,61.8167,34.2667,1957,2023,RUS
RSM00022845,61.5067,38.9347,1962,2023,RUS
RSM00022845,61.5067,38.9347,1962,2023,RUS
RSM00023022,69.783,61.783,1947,1998,
RSM00023078,69.3472,88.2639,1974,2023,RUS
RSM00023078,69.3472,88.2639,1974,2023,RUS
RSM00023146,68.47,73.6,1955,1991,RUS
RSM00023146,68.47,73.6,1955,1991,RUS
RSM00023205,67.625,53.0175,1946,2023,RUS
RSM00023205,67.625,53.0175,1946,2023,RUS
RSM00023330,66.5319,66.6744,1948,2023,RUS
RSM00023330,66.5319,66.6744,1948,2023,RUS
RSM00023415,65.1167,57.1,1953,2023,RUS
RSM00023415,65.1167,57.1,1953,2023,RUS
RSM00023472,65.7944,87.9889,1951,2023,RUS
RSM00023472,65.7944,87.9889,1951,2023,RUS
RSM00023552,64.917,77.817,1955,1998,RUS
RSM00023552,64.917,77.817,1955,1998,RUS
RSM00023802,61.6767,50.7806,1947,2023,RUS
RSM00023802,61.6767,50.7806,1947,2023,RUS
RSM00023884,61.5806,90.0306,1950,2023,RUS
RSM00023884,61.5806,90.0306,1950,2023,RUS
RSM00023921,60.6833,60.45,1953,2023,RUS
RSM00023921,60.6833,60.45,1953,2023,RUS
RSM00023933,61.0278,69.1189,1946,2023,RUS
RSM00023933,61.0278,69.1189,1946,2023,RUS
RSM00023955,60.4333,77.8667,1949,2023,RUS
RSM00023955,60.4333,77.8667,1949,2023,RUS
RSM00024125,68.5,112.4333,1954,2018,RUS
RSM00024125,68.5,112.4333,1954,2018,RUS
RSM00024266,67.5667,133.4,1952,2023,RUS
RSM00024266,67.5667,133.4,1952,2023,RUS
RSM00024343,66.7667,123.4,1951,2023,RUS
RSM00024343,66.7667,123.4,1951,2023,RUS
RSM00024507,64.2694,100.2167,1955,2023,RUS
RSM00024507,64.2694,100.2167,1955,2023,RUS
RSM00024641,63.7833,121.6167,1951,2023,RUS
RSM00024641,63.7833,121.6167,1951,2023,RUS
RSM00024688,63.25,143.15,1950,2023,RUS
RSM00024688,63.25,143.15,1950,2023,RUS
RSM00024726,62.5333,113.8667,1966,2023,RUS
RSM00024726,62.5333,113.8667,1966,2023,RUS
RSM00024790,62.7833,148.1333,1959,1991,RUS
RSM00024790,62.7833,148.1333,1959,1991,RUS
RSM00024817,61.267,108.2,1954,1996,RUS
RSM00024817,61.267,108.2,1954,1996,RUS
RSM00024908,60.3361,102.2944,1955,2023,RUS
RSM00024908,60.3361,102.2944,1955,2023,RUS
RSM00024944,60.3667,120.4167,1950,2018,RUS
RSM00024944,60.3667,120.4167,1950,2018,RUS
RSM00024959,62.0167,129.7167,1940,2023,RUS
RSM00024959,62.0167,129.7167,1940,2023,RUS
RSM00025042,69.9333,167.9667,1960,2010,RUS
RSM00025042,69.9333,167.9667,1960,2010,RUS
RSM00025123,68.75,161.2833,1955,2023,
RSM00025173,68.92,-179.48,1939,1998,RUS
RSM00025173,68.92,-179.48,1939,1998,RUS
RSM00025399,66.167,-169.833,1944,1998,
RSM00025400,65.7333,150.9,1954,2018,RUS
RSM00025400,65.7333,150.9,1954,2018,RUS
RSM00025428,65.2333,160.5333,1957,2023,RUS
RSM00025428,65.2333,160.5333,1957,2023,RUS
RSM00025551,64.683,170.417,1954,1993,RUS
RSM00025551,64.683,170.417,1954,1993,RUS
RSM00025563,64.7833,177.5667,1940,2013,RUS
RSM00025563,64.7833,177.5667,1940,2013,RUS
RSM00025594,64.383,-173.233,1946,1991,RUS
RSM00025594,64.383,-173.233,1946,1991,RUS
RSM00025677,63.017,179.283,1949,1995,
RSM00025703,62.9167,152.4167,1955,2023,RUS
RSM00025703,62.9167,152.4167,1955,2023,RUS
RSM00025822,61.95,160.8667,1955,1998,RUS
RSM00025822,61.95,160.8667,1955,1998,RUS
RSM00025913,59.55,150.7833,1950,2023,RUS
RSM00025913,59.55,150.7833,1950,2023,RUS
RSM00025954,60.35,166.0,1951,2006,
RSM00026063,59.95,30.7,1946,2018,RUS
RSM00026063,59.95,30.7,1946,2018,RUS
RSM00026258,57.817,28.333,1948,1998,RUS
RSM00026258,57.817,28.333,1948,1998,RUS
RSM00026298,57.8833,34.0333,1952,2023,RUS
RSM00026298,57.8833,34.0333,1952,2023,RUS
RSM00026477,56.35,30.6167,1960,2023,RUS
RSM00026477,56.35,30.6167,1960,2023,RUS
RSM00026702,54.7264,20.5583,1939,2020,RUS
RSM00026702,54.7264,20.5583,1939,2020,RUS
RSM00026781,54.75,32.0667,1939,2023,RUS
RSM00026781,54.75,32.0667,1939,2023,RUS
RSM00027038,59.3183,39.9256,1947,2023,RUS
RSM00027038,59.3183,39.9256,1947,2023,RUS
RSM00027199,58.5667,49.5667,1947,2023,RUS
RSM00027199,58.5667,49.5667,1947,2023,RUS
RSM00027459,56.2667,44.0,1946,2023,RUS
RSM00027459,56.2667,44.0,1946,2023,RUS
RSM00027595,55.6075,49.2942,1947,2017,RUS
RSM00027595,55.6075,49.2942,1947,2017,RUS
RSM00027612,55.93,37.5183,1934,2018,RUS
RSM00027612,55.93,37.5183,1934,2018,RUS
RSM00027707,54.1,35.35,1961,2023,RUS
RSM00027707,54.1,35.35,1961,2023,RUS
RSM00027730,54.6333,39.7,1962,2023,RUS
RSM00027730,54.6333,39.7,1962,2023,RUS
RSM00027944,52.733,41.467,1948,1995,RUS
RSM00027944,52.733,41.467,1948,1995,RUS
RSM00027962,53.1228,45.0189,1961,2023,RUS
RSM00027962,53.1228,45.0189,1961,2023,RUS
RSM00027995,52.9833,49.4333,1951,2023,RUS
RSM00027995,52.9833,49.4333,1951,2023,RUS
RSM00028225,57.9583,56.1972,1961,2023,RUS
RSM00028225,57.9583,56.1972,1961,2023,RUS
RSM00028275,58.15,68.25,1951,2023,RUS
RSM00028275,58.15,68.25,1951,2023,RUS
RSM00028445,56.7333,61.0667,1946,2023,RUS
RSM00028445,56.7333,61.0667,1946,2023,RUS
RSM00028661,55.4567,65.4011,1955,2023,RUS
RSM00028661,55.4567,65.4011,1955,2023,RUS
RSM00028698,54.9333,73.4,1946,2018,RUS
RSM00028698,54.9333,73.4,1946,2018,RUS
RSM00028722,54.7106,55.815,1946,2023,RUS
RSM00028722,54.7106,55.815,1946,2023,RUS
RSM00028900,53.25,50.45,1939,1994,RUS
RSM00028900,53.25,50.45,1939,1994,RUS
RSM00029231,58.3167,82.95,1951,2023,RUS
RSM00029231,58.3167,82.95,1951,2023,RUS
RSM00029263,58.4528,92.2028,1964,2023,RUS
RSM00029263,58.4528,92.2028,1964,2023,RUS
RSM00029282,58.3833,97.45,1951,2023,RUS
RSM00029282,58.3833,97.45,1951,2023,RUS
RSM00029572,56.1806,92.6056,1995,2023,RUS
RSM00029572,56.1806,92.6056,1995,2023,RUS
RSM00029574,56.0,92.883,1953,1994,RUS
RSM00029574,56.0,92.883,1953,1994,RUS
RSM00029612,55.3544,78.3083,1958,2023,RUS
RSM00029612,55.3544,78.3083,1958,2023,RUS
RSM00029634,54.9667,82.95,1946,2023,RUS
RSM00029634,54.9667,82.95,1946,2023,RUS
RSM00029698,54.8833,99.0333,1950,2023,RUS
RSM00029698,54.8833,99.0333,1950,2023,RUS
RSM00029839,53.5,83.8333,1963,2023,RUS
RSM00029839,53.5,83.8333,1963,2023,RUS
RSM00029862,53.7667,91.3167,1960,2023,RUS
RSM00029862,53.7667,91.3167,1960,2023,RUS
RSM00030054,59.45,112.5833,1951,2023,RUS
RSM00030054,59.45,112.5833,1951,2023,RUS
RSM00030230,57.7667,108.0667,1950,2023,RUS
RSM00030230,57.7667,108.0667,1950,2023,RUS
RSM00030309,56.2833,101.75,1967,2023,RUS
RSM00030309,56.2833,101.75,1967,2023,RUS
RSM00030372,56.9,118.2667,1967,2023,RUS
RSM00030372,56.9,118.2667,1967,2023,RUS
RSM00030521,54.8,105.167,1950,1996,RUS
RSM00030521,54.8,105.167,1950,1996,RUS
RSM00030554,54.4667,113.5833,1951,2018,RUS
RSM00030554,54.4667,113.5833,1951,2018,RUS
RSM00030635,53.4167,109.0167,1960,2023,RUS
RSM00030635,53.4167,109.0167,1960,2023,RUS
RSM00030673,53.75,119.7333,1953,2023,RUS
RSM00030673,53.75,119.7333,1953,2023,RUS
RSM00030692,54.0,123.967,1949,1996,RUS
RSM00030692,54.0,123.967,1949,1996,RUS
RSM00030710,52.267,104.317,1940,1988,RUS
RSM00030710,52.267,104.317,1940,1988,RUS
RSM00030715,52.4833,103.85,1988,2023,RUS
RSM00030715,52.4833,103.85,1988,2023,RUS
RSM00030758,52.0833,113.4833,1940,2023,RUS
RSM00030758,52.0833,113.4833,1940,2023,RUS
RSM00030935,50.3667,108.75,1951,2023,RUS
RSM00030935,50.3667,108.75,1951,2023,RUS
RSM00030965,50.4,116.5167,1957,2023,RUS
RSM00030965,50.4,116.5167,1957,2023,RUS
RSM00031004,58.6167,125.3667,1950,2023,RUS
RSM00031004,58.6167,125.3667,1950,2023,RUS
RSM00031088,59.3667,143.2,1951,2023,
RSM00031168,56.45,138.15,1950,2020,RUS
RSM00031168,56.45,138.15,1950,2020,RUS
RSM00031300,53.7414,127.2764,1955,2023,RUS
RSM00031300,53.7414,127.2764,1955,2023,RUS
RSM00031329,53.067,132.983,1951,1996,RUS
RSM00031329,53.067,132.983,1951,1996,RUS
RSM00031369,53.1475,140.6939,1951,2023,RUS
RSM00031369,53.1475,140.6939,1951,2023,RUS
RSM00031510,50.2803,127.4783,1940,2023,RUS
RSM00031510,50.2803,127.4783,1940,2023,RUS
RSM00031538,50.0667,132.1333,1958,2023,RUS
RSM00031538,50.0667,132.1333,1958,2023,RUS
RSM00031561,50.6,137.0333,1940,2010,RUS
RSM00031561,50.6,137.0333,1940,2010,RUS
RSM00031707,47.733,130.967,1948,1993,RUS
RSM00031707,47.733,130.967,1948,1993,RUS
RSM00031736,48.5333,135.2333,1940,2023,RUS
RSM00031736,48.5333,135.2333,1940,2023,RUS
RSM00031770,49.0,140.3,1964,2023,
RSM00031873,45.8667,133.7333,1957,2023,RUS
RSM00031873,45.8667,133.7333,1957,2023,RUS
RSM00031909,45.0,136.6,1950,1996,RUS
RSM00031909,45.0,136.6,1950,1996,RUS
RSM00031977,43.2667,132.05,1940,2023,RUS
RSM00031977,43.2667,132.05,1940,2023,RUS
RSM00032061,50.9,142.1667,1951,2023,RUS
RSM00032061,50.9,142.1667,1951,2023,RUS
RSM00032098,49.2167,143.1,1970,2023,RUS
RSM00032098,49.2167,143.1,1970,2023,RUS
RSM00032150,46.95,142.7167,1948,2023,RUS
RSM00032150,46.95,142.7167,1948,2023,RUS
RSM00032165,44.017,145.867,1951,1995,
RSM00032186,46.2,150.5,1961,1996,RUS
RSM00032186,46.2,150.5,1961,1996,RUS
RSM00032215,50.6833,156.1333,1998,2023,
RSM00032217,50.017,155.4,1953,1994,RUS
RSM00032217,50.017,155.4,1953,1994,RUS
RSM00032389,56.3167,160.8333,1950,2023,RUS
RSM00032389,56.3167,160.8333,1950,2023,RUS
RSM00032477,54.3,155.9167,1967,2023,RUS
RSM00032477,54.3,155.9167,1967,2023,RUS
RSM00032540,53.0833,158.5833,1948,2023,RUS
RSM00032540,53.0833,158.5833,1948,2023,RUS
RSM00032618,55.2,165.9833,1957,2023,RUS
RSM00032618,55.2,165.9833,1957,2023,RUS
RSM00034009,51.7667,36.1667,1946,2023,RUS
RSM00034009,51.7667,36.1667,1946,2023,RUS
RSM00034122,51.65,39.25,1939,2023,RUS
RSM00034122,51.65,39.25,1939,2023,RUS
RSM00034172,51.5567,46.0394,1947,2023,RUS
RSM00034172,51.5567,46.0394,1947,2023,RUS
RSM00034247,50.4167,41.05,1961,2023,RUS
RSM00034247,50.4167,41.05,1961,2023,RUS
RSM00034467,48.7833,44.3333,1947,2023,RUS
RSM00034467,48.7833,44.3333,1947,2023,RUS
RSM00034731,47.25,39.8167,1939,2023,RUS
RSM00034731,47.25,39.8167,1939,2023,RUS
RSM00034858,45.9167,43.35,1957,2023,RUS
RSM00034858,45.9167,43.35,1957,2023,RUS
RSM00034882,46.2833,47.9833,1939,2023,RUS
RSM00034882,46.2833,47.9833,1939,2023,RUS
RSM00035121,51.6925,55.0783,1939,2023,RUS
RSM00035121,51.6925,55.0783,1939,2023,RUS
RSM00036096,51.7103,94.4917,1955,2023,RUS
RSM00036096,51.7103,94.4917,1955,2023,RUS
RSM00036259,50.0,88.667,1969,1991,RUS
RSM00036259,50.0,88.667,1969,1991,RUS
RSM00037011,44.1,39.0333,1950,2023,RUS
RSM00037011,44.1,39.0333,1950,2023,RUS
RSM00037055,44.2167,43.1,1947,2023,RUS
RSM00037055,44.2167,43.1,1947,2023,RUS
RSM00037099,43.5833,39.7667,2013,2014,RUS
RSM00037099,43.5833,39.7667,2013,2014,RUS
RSM00037259,43.0,47.5,1963,2023,
SAM00040373,28.3167,46.1333,1977,2023,SAU
SAM00040375,28.3833,36.6,1976,2023,SAU
SAM00040394,27.4333,41.6833,1986,2023,SAU
SAM00040416,26.267,50.167,1976,1997,SAU
SAM00040417,26.45,49.8167,1998,2023,SAU
SAM00040430,24.55,39.7,1975,2023,SAU
SAM00040437,24.9333,46.7167,1984,2023,SAU
SAM00040438,24.7,46.733,1968,1992,SAU
SAM00041024,21.7,39.1833,1966,2023,SAU
SAM00041112,18.2333,42.65,1999,2023,SAU
SAM00041114,18.3,42.8,1983,1999,SAU
SEM00063985,-4.6833,55.5167,1973,2023,SYC
SFM00068174,-23.8667,29.45,1973,2009,ZAF
SFM00068242,-25.783,25.533,1996,1998,ZAF
SFM00068263,-25.91,28.2111,1974,2023,ZAF
SFM00068406,-28.567,16.533,1951,1987,ZAF
SFM00068424,-28.4136,21.2597,1973,2023,ZAF
SFM00068438,-28.8,24.767,1973,1994,ZAF
SFM00068442,-29.1,26.3,1966,2023,ZAF
SFM00068461,-28.25,28.3333,1980,2009,ZAF
SFM00068476,-28.567,29.767,1982,1990,ZAF
SFM00068512,-29.6719,17.8875,1987,2023,ZAF
SFM00068538,-30.6747,23.9992,1993,2023,ZAF
SFM00068588,-29.9667,30.95,1949,2010,ZAF
SFM00068592,-29.6017,31.13,2010,2023,ZAF
SFM00068728,-32.34,22.57,1980,1987,ZAF
SFM00068816,-33.97,18.6,1949,2023,ZAF
SFM00068828,-34.017,22.383,1977,1994,ZAF
SFM00068842,-33.9844,25.6108,1967,2023,ZAF
SFM00068858,-33.033,27.833,1973,1991,ZAF
SFM00068994,-46.8831,37.8669,1949,2023,ZAF
SGM00061600,16.05,-16.483,1940,2004,SEN
SGM00061641,14.73,-17.5,1940,2017,SEN
SGM00061687,13.7697,-13.6797,1940,2023,SEN
SGM00061695,12.55,-16.267,1940,1997,SEN
SHM00061901,-15.9419,-5.6672,1977,2023,SHN
SHM00061902,-7.9667,-14.4,1946,2010,SHN
SHM00068906,-40.35,-9.88,1957,2022,
SIM00014015,46.0656,14.5122,1996,2023,SVN
SNM00048698,1.3667,103.9833,1955,2023,SGP
SPM00008001,43.3658,-8.4214,1958,2023,ESP
SPM00008023,43.4911,-3.8006,1973,2023,ESP
SPM00008087,42.2,-1.45,1973,1990,ESP
SPM00008160,41.6786,-1.0731,1958,2015,ESP
SPM00008190,41.3844,2.1181,2007,2023,ESP
SPM00008221,40.4653,-3.5797,1950,2023,ESP
SPM00008301,39.55,2.617,1988,2002,
SPM00008302,39.6058,2.7067,1958,2023,ESP
SPM00008383,37.2783,-6.9117,2018,2023,ESP
SPM00008430,38.0019,-1.1708,1984,2023,ESP
SPM00060018,28.3183,-16.3822,2002,2023,ESP
SPM00060020,28.467,-16.25,1960,2002,ESP
SUM00062640,19.533,33.317,1947,2005,SDN
SUM00062641,19.583,37.217,1947,2006,SDN
SUM00062650,19.167,30.483,1973,2008,SDN
SUM00062721,15.6,32.55,1953,2014,SDN
SUM00062730,15.467,36.4,1937,2006,SDN
SUM00062760,13.617,25.333,1939,2008,SDN
SUM00062771,13.167,30.233,1936,2005,SDN
SUM00062805,11.783,34.383,1973,2005,SDN
SVM00001004,78.9233,11.9222,1992,2023,NOR
SVM00001028,74.5039,19.0011,1957,2023,NOR
SVM00020107,78.07,14.22,1937,1994,
SWM00002185,65.5433,22.1144,1949,2021,SWE
SWM00002365,62.5317,17.4361,1965,2023,
SWM00002465,59.35,17.95,1949,1995,SWE
SWM00002527,57.6572,12.2911,1977,2023,SWE
SWM00002591,57.65,18.35,1977,2023,SWE
SYM00040007,36.333,37.217,1957,1996,SYR
SYM00040080,33.417,36.517,1973,2001,SYR
SZM00006610,46.8117,6.9425,1943,2023,CHE
TBM00078894,17.9,-62.85,1973,1996,BLM
TDM00078970,10.6167,-61.35,1969,2023,TTO
TDM00078970,10.6167,-61.35,1969,2023,TTO
TEM00061976,-15.8878,54.5206,1973,2011,ATF
THM00048327,18.7706,98.9683,1954,2023,THA
THM00048354,17.3769,102.8094,1966,2016,THA
THM00048378,16.7961,100.2758,1973,2023,THA
THM00048381,16.4608,102.7894,2016,2023,THA
THM00048407,15.25,104.8667,1962,2023,THA
THM00048431,14.9681,102.0858,1973,2023,THA
THM00048453,13.6664,100.6061,2008,2023,THA
THM00048455,13.733,100.567,1953,2008,THA
THM00048477,12.6914,100.9853,1973,2023,THA
THM00048480,12.6094,102.1039,1973,2023,THA
THM00048500,11.835,99.8103,1973,2023,THA
THM00048551,9.1342,99.1519,1973,2023,THA
THM00048565,8.145,98.3144,1973,2022,THA
THM00048568,7.1819,100.6075,1954,2023,THA
TIM00038836,38.55,68.783,1946,1994,TJK
TIM00038879,38.067,74.467,1973,1990,TJK
TIM00038954,37.5,71.5,1956,1994,AFG
TNM00091792,-21.233,-175.15,1980,1999,TON
TOM00065361,8.983,1.15,1957,1989,TGO
TOM00065387,6.1667,1.25,1945,2023,TGO
TSM00060710,36.95,8.75,1992,1999,TUN
TSM00060714,37.233,9.817,1973,1995,
TSM00060715,36.8333,10.2333,1948,2023,
TSM00060720,36.85,11.083,1974,1996,TUN
TSM00060725,36.483,8.8,1973,1996,TUN
TSM00060735,35.667,10.1,1973,1996,TUN
TSM00060738,35.55,8.683,1977,1996,TUN
TSM00060740,35.75,10.75,1974,2005,TUN
TSM00060745,34.417,8.817,1973,1998,TUN
TSM00060750,34.717,10.683,1973,2005,TUN
TSM00060760,33.9167,8.1667,1969,2023,TUN
TSM00060769,33.867,10.767,1973,2005,TUN
TSM00060775,32.317,10.4,1973,1997,TUN
TSM00060780,31.683,9.3,1989,1995,TUN
TTM00097385,-9.2,124.367,1996,1999,
TTM00097388,-8.55,126.567,1984,1998,TLS
TTM00097395,-8.5,126.4,1950,1988,TLS
TUM00017030,41.2833,36.3,1952,2023,TUR
TUM00017064,40.9,29.15,1951,2023,
TUM00017095,39.9,41.2833,2006,2023,TUR
TUM00017130,39.95,32.8833,1949,2022,TUR
TUM00017196,38.6833,35.4833,2016,2023,TUR
TUM00017220,38.4333,27.1667,1952,2023,TUR
TUM00017240,37.75,30.55,1970,2023,TUR
TUM00017281,37.9,40.2,1953,2022,TUR
TUM00017351,36.9833,35.35,1986,2023,TUR
TVM00091643,-8.5167,179.2167,1973,2023,
TWM00046689,26.15,119.95,1973,1998,
TWM00046699,23.9833,121.6,1973,2012,CHN
TWM00046734,23.5833,119.6167,1954,2012,CHN
TWM00046736,24.433,118.433,1960,1999,CHN
TWM00046741,23.0,120.21,1998,1998,CHN
TWM00046743,22.95,120.217,1977,1993,CHN
TWM00046746,23.467,120.383,1977,1994,CHN
TWM00046747,22.467,120.433,1957,1998,
TWM00046750,22.6667,120.45,1977,2012,CHN
TWM00046751,24.183,120.65,1978,1992,CHN
TWM00046767,23.53,120.13,1975,1999,
TWM00046780,22.6833,121.5,1986,2012,
TWM00046810,20.7167,116.7167,1973,2012,
TWM00046902,10.717,115.833,1973,1998,
TWM00058968,25.0333,121.5167,1957,2023,CHN
TXM00038392,41.833,59.983,1946,1997,TKM
TXM00038507,40.0333,52.9833,1958,2015,TKM
TXM00038687,39.083,63.6,1949,1994,TKM
TXM00038750,37.467,53.967,1950,1993,TKM
TXM00038880,37.987,58.361,1940,1997,TKM
TXM00038989,35.9,62.9667,1951,1996,TKM
TZM00063832,-5.083,32.833,1974,1988,TZA
TZM00063844,-5.083,39.067,1973,1986,TZA
TZM00063894,-6.8667,39.2,1963,2023,TZA
TZM00063932,-8.933,33.467,1973,1989,TZA
UCM00078988,12.2,-68.9667,1956,2023,CUW
UGM00063705,0.05,32.45,1959,2018,UGA
UKM00003005,60.1392,-1.1847,1941,2023,GBR
UKM00003023,57.3575,-7.385,1998,2023,GBR
UKM00003026,58.217,-6.317,1949,2002,
UKM00003066,57.65,-3.567,1993,2004,GBR
UKM00003091,57.2,-2.217,1989,1999,GBR
UKM00003162,55.317,-3.2,1999,2000,GBR
UKM00003170,56.433,-2.867,1959,1992,GBR
UKM00003171,56.383,-2.867,1949,2002,GBR
UKM00003213,54.32,-3.4,1973,1999,GBR
UKM00003238,55.0197,-1.8817,2002,2023,GBR
UKM00003240,55.417,-1.6,1992,2002,GBR
UKM00003257,54.3,-1.533,1990,2000,GBR
UKM00003322,53.55,-2.917,1949,1996,GBR
UKM00003354,53.0056,-1.2511,1998,2023,GBR
UKM00003377,53.167,-0.517,1989,2005,GBR
UKM00003414,52.8,-2.667,1997,2000,GBR
UKM00003496,52.67,1.68,1951,2001,GBR
UKM00003501,52.4167,-4.0,1998,2001,GBR
UKM00003502,52.1394,-4.5711,1969,2023,
UKM00003559,52.1039,-0.4214,1996,2021,GBR
UKM00003586,52.333,0.767,1989,1993,GBR
UKM00003590,52.117,0.967,1999,2006,GBR
UKM00003649,51.75,-1.583,1992,2005,GBR
UKM00003693,51.5547,0.8269,1966,2010,GBR
UKM00003715,51.4,-3.35,1989,1997,GBR
UKM00003743,51.2017,-1.8058,1942,2023,GBR
UKM00003774,51.083,-0.217,1953,1992,GBR
UKM00003808,50.2183,-5.3275,1949,2023,GBR
UKM00003882,50.8994,0.3169,1993,2023,GBR
UKM00003918,54.5,-6.3333,2002,2023,GBR
UKM00003920,54.48,-6.1,1962,2002,GBR
UKM00033966,45.0464,34.5989,2011,2013,UKR
UPM00033317,50.1667,27.0333,1957,2022,UKR
UPM00033345,50.4,30.5667,1939,2022,UKR
UPM00033393,49.8167,23.95,1947,2022,UKR
UPM00033631,48.633,22.267,1953,2008,UKR
UPM00033658,48.3667,25.9,1950,2018,UKR
UPM00033791,48.0333,33.2167,1949,2022,UKR
UPM00033837,46.4333,30.7667,1939,2022,UKR
UPM00033946,44.6833,34.1333,1950,2010,UKR
UPM00034300,49.9667,36.1333,1939,2022,UKR
USM00070026,71.2889,-156.7833,1932,2023,USA
USM00070027,71.317,-156.617,2008,2008,USA
USM00070086,70.1333,-143.6333,1953,1988,
USM00070133,66.8864,-162.6133,1942,2023,USA
USM00070200,64.5072,-165.4347,1930,2023,
USM00070219,60.785,-161.84,1940,2023,USA
USM00070231,62.9583,-155.5978,1942,2023,USA
USM00070261,64.8161,-147.8767,1930,2023,USA
USM00070267,64.0,-145.733,1957,1993,USA
USM00070270,61.2667,-149.65,1982,2006,USA
USM00070273,61.1567,-149.9864,1938,2023,USA
USM00070308,57.15,-170.2167,1944,2023,
USM00070316,55.2011,-162.7164,1946,2023,USA
USM00070326,58.6794,-156.6683,1953,2023,USA
USM00070350,57.7431,-152.4867,1946,2023,
USM00070361,59.5167,-139.6667,1942,2023,USA
USM00070398,55.0389,-131.5778,1942,2023,USA
USM00070414,52.7167,174.1,1946,2023,USA
USM00070454,51.883,-176.65,1943,1996,USA
USM00072201,24.5531,-81.7886,1919,2023,USA
USM00072202,25.7544,-80.3831,1945,2023,USA
USM00072203,26.6847,-80.0994,1943,1995,USA
USM00072206,30.4839,-81.7011,1926,2023,USA
USM00072208,32.895,-80.0275,1932,2023,USA
USM00072210,27.7053,-82.4006,1931,2023,USA
USM00072213,31.25,-82.4,1942,1995,USA
USM00072214,30.4461,-84.2994,1940,2023,USA
USM00072215,33.3558,-84.5672,1994,2023,USA
USM00072220,29.733,-85.033,1948,1991,USA
USM00072221,30.4833,-86.5167,1938,2023,USA
USM00072225,32.333,-84.833,1969,1989,USA
USM00072229,32.9,-87.25,1974,1994,USA
USM00072230,33.1789,-86.7822,1994,2023,USA
USM00072232,29.3333,-89.4,1950,1988,USA
USM00072233,30.3369,-89.825,1988,2023,USA
USM00072235,32.3189,-90.08,1932,2023,USA
USM00072239,31.033,-93.033,1976,1989,USA
USM00072240,30.1253,-93.2161,1940,2023,USA
USM00072247,32.35,-94.65,1975,1995,USA
USM00072248,32.4511,-93.8414,1949,2023,USA
USM00072249,32.835,-97.2986,1937,2023,USA
USM00072250,25.9167,-97.4192,1929,2023,USA
USM00072251,27.7789,-97.5056,1953,2023,USA
USM00072255,28.85,-96.9167,1942,1989,USA
USM00072257,31.1,-97.717,1969,1991,USA
USM00072260,32.2167,-98.1833,1973,1994,USA
USM00072261,29.3744,-100.9183,1954,2023,USA
USM00072265,31.9425,-102.1892,1930,2023,USA
USM00072269,32.4,-106.367,1949,1993,USA
USM00072273,31.583,-110.333,1955,1995,USA
USM00072274,32.2278,-110.9558,1932,2023,USA
USM00072278,33.433,-112.2,1948,1998,USA
USM00072280,32.65,-114.6,1929,2004,USA
USM00072281,32.817,-115.683,1962,1991,USA
USM00072293,32.8333,-117.1167,1946,2023,USA
USM00072303,35.167,-79.033,1919,1990,USA
USM00072304,35.2667,-75.55,1941,1994,USA
USM00072305,34.7761,-76.8767,1994,2023,USA
USM00072311,33.95,-83.3167,1955,1994,USA
USM00072317,36.0981,-79.9428,1928,2023,USA
USM00072318,37.2039,-80.4142,1995,2023,USA
USM00072327,36.2469,-86.5617,1937,2023,USA
USM00072340,34.835,-92.2594,1947,2023,USA
USM00072349,36.8833,-93.9,1970,1995,USA
USM00072353,35.383,-97.6,1926,1989,USA
USM00072355,34.65,-98.4,1918,2008,USA
USM00072357,35.1808,-97.4378,1974,2023,USA
USM00072363,35.2331,-101.7092,1932,2023,USA
USM00072364,31.8728,-106.6981,1932,2023,USA
USM00072365,35.0378,-106.6219,1931,2023,USA
USM00072374,35.0281,-110.7208,1931,1995,USA
USM00072376,35.23,-111.8217,1995,2023,USA
USM00072381,34.9167,-117.9,1942,2023,USA
USM00072385,36.95,-116.05,1956,1996,USA
USM00072387,36.6206,-116.0278,1951,2010,USA
USM00072388,36.05,-115.1833,1935,2023,USA
USM00072391,34.1167,-119.1167,1948,2017,USA
USM00072393,34.75,-120.5667,1958,2023,USA
USM00072402,37.9333,-75.4833,1963,2023,USA
USM00072403,38.9767,-77.4858,1960,2023,USA
USM00072407,39.45,-74.6667,1980,1994,USA
USM00072424,37.9,-85.967,1919,1988,USA
USM00072425,38.3667,-82.55,1940,1995,USA
USM00072426,39.4214,-83.8217,1943,2023,USA
USM00072433,38.65,-88.9667,1954,1988,USA
USM00072435,37.0667,-88.7667,1988,1995,USA
USM00072440,37.2347,-93.4014,1939,2023,USA
USM00072451,37.7614,-99.9686,1940,2023,USA
USM00072455,39.1,-96.767,1958,1989,USA
USM00072456,39.0722,-95.6306,1953,2023,USA
USM00072468,38.7,-104.767,1971,1998,USA
USM00072469,39.7675,-104.8694,1919,2022,USA
USM00072476,39.12,-108.525,1938,2023,USA
USM00072486,39.295,-114.8453,1938,1995,USA
USM00072489,39.5681,-119.7967,1927,2023,USA
USM00072493,37.7444,-122.2236,1928,2023,USA
USM00072501,40.865,-72.8628,1994,2023,USA
USM00072518,42.6919,-73.8322,1930,2023,USA
USM00072520,40.5317,-80.2172,1934,2023,USA
USM00072528,42.9411,-78.7189,1929,2023,USA
USM00072532,40.6667,-89.6833,1956,1995,USA
USM00072558,41.32,-96.3669,1926,2023,USA
USM00072562,41.1328,-100.7,1930,2023,USA
USM00072572,40.7722,-111.9553,1926,2023,USA
USM00072576,42.8167,-108.7333,1948,1995,USA
USM00072582,40.86,-115.7422,1931,2023,USA
USM00072583,40.9019,-117.8072,1935,1994,USA
USM00072597,42.3769,-122.8822,1926,2023,USA
USM00072632,42.6989,-83.4714,1994,2023,USA
USM00072634,44.9075,-84.7189,1996,2023,USA
USM00072637,42.9667,-83.75,1956,1994,USA
USM00072645,44.4986,-88.1119,1940,2023,USA
USM00072649,44.8497,-93.5647,1937,2023,USA
USM00072654,44.3833,-98.2167,1938,1994,USA
USM00072655,45.55,-94.0667,1948,1995,USA
USM00072659,45.4556,-98.4133,1994,2023,USA
USM00072662,44.0728,-103.21,1939,2023,USA
USM00072672,43.0647,-108.4767,1995,2023,USA
USM00072681,43.5672,-116.2114,1926,2023,USA
USM00072694,44.9092,-123.0083,1956,2023,USA
USM00072712,46.8683,-68.0136,1940,2023,USA
USM00072734,46.4667,-84.35,1926,1996,USA
USM00072747,48.5647,-93.3975,1942,2023,USA
USM00072764,46.7717,-100.7594,1932,2023,USA
USM00072768,48.2067,-106.6256,1943,2023,USA
USM00072776,47.4614,-111.3847,1940,2023,USA
USM00072786,47.6806,-117.6267,1926,2023,USA
USM00072797,47.9339,-124.5603,1966,2023,USA
USM00074001,34.6,-86.6333,1992,2014,USA
USM00074002,39.5,-76.1667,1992,2017,USA
USM00074003,40.1667,-112.9333,1944,2023,USA
USM00074004,32.8356,-114.4,1992,2023,USA
USM00074005,32.8636,-114.0331,2008,2023,USA
USM00074207,47.13,-122.6,1920,1986,USA
USM00074389,43.8925,-70.2572,1940,2023,USA
USM00074455,41.6114,-90.5817,1935,2023,USA
USM00074494,41.6569,-69.9589,1970,2021,
USM00074531,38.967,-104.817,1981,2000,USA
USM00074560,40.1517,-89.3383,1995,2023,USA
USM00074570,39.8333,-84.05,1918,1995,USA
USM00074606,34.65,-120.567,1966,2001,USA
USM00074611,35.281,-116.63,1987,1993,USA
USM00074612,35.6833,-117.6833,1946,2023,USA
USM00074619,35.333,-117.1,1982,1992,USA
USM00074626,33.45,-111.95,2000,2022,USA
USM00074641,36.2969,-99.775,1952,2002,USA
USM00074646,36.6,-97.5,2000,2023,USA
USM00074671,36.667,-87.5,1943,1995,USA
USM00074693,35.133,-78.933,1984,1988,USA
USM00074695,35.667,-75.9,1973,1991,USA
USM00074724,32.933,-112.7,1973,2002,USA
USM00074732,32.9,-106.1,1949,1994,USA
USM00074755,31.183,-92.633,1973,1990,USA
USM00074777,30.433,-86.683,1987,1991,USA
USM00074780,31.867,-81.633,1978,1993,USA
USM00074792,33.85,-80.483,1976,1988,USA
USM00074794,28.4667,-80.55,1950,2023,USA
USM00074796,27.65,-81.333,1973,1993,USA
USM00091165,21.9933,-159.3467,1950,2023,USA
USM00091170,21.483,-158.033,1929,1989,USA
USM00091176,21.433,-157.767,1974,2003,
USM00091182,21.35,-157.933,1941,1996,USA
USM00091190,20.899,-156.43,1973,1996,USA
USM00091285,19.7183,-155.0583,1943,2023,USA
UVM00065503,12.35,-1.5167,1940,2022,BFA
UVM00065510,11.1667,-4.3,1940,2023,BFA
UZM00038413,41.733,64.617,1958,1991,UZB
UZM00038457,41.267,69.267,1939,2001,UZB
UZM00038606,40.55,70.95,1976,1996,UZB
UZM00038927,37.233,67.267,1963,1996,UZB
VEM00080413,10.25,-67.65,1966,2014,VEN
VEM00080413,10.25,-67.65,1966,2014,VEN
VEM00080422,10.6667,-63.25,2012,2014,VEN
VEM00080422,10.6667,-63.25,2012,2014,VEN
VEM00080444,8.15,-63.55,1974,2008,VEN
VEM00080444,8.15,-63.55,1974,2008,VEN
VEM00080447,7.85,-72.45,1966,2013,VEN
VEM00080447,7.85,-72.45,1966,2013,VEN
VEM00080450,7.9,-67.4167,1974,2011,VEN
VEM00080450,7.9,-67.4167,1974,2011,VEN
VEM00080462,4.6,-61.1167,1974,2011,VEN
VEM00080462,4.6,-61.1167,1974,2011,VEN
VEM00080476,10.517,-71.65,1980,1986,VEN
VEM00080476,10.517,-71.65,1980,1986,VEN
VMM00048820,21.0333,105.8,1953,2023,VNM
VMM00048820,21.0333,105.8,1953,2023,VNM
VMM00048839,20.1333,107.7167,2012,2023,
VMM00048845,18.6667,105.6833,1960,2023,VNM
VMM00048845,18.6667,105.6833,1960,2023,VNM
VMM00048855,16.0667,108.35,1962,2023,
VMM00048870,13.7667,109.2167,1973,2023,VNM
VMM00048870,13.7667,109.2167,1973,2023,VNM
VMM00048877,12.2167,109.2167,1978,2023,
VMM00048887,10.9333,108.1,1978,2023,VNM
VMM00048887,10.9333,108.1,1978,2023,VNM
VMM00048900,10.8167,106.6667,1954,2023,VNM
VMM00048900,10.8167,106.6667,1954,2023,VNM
VMM00048914,9.1833,105.15,1974,2023,VNM
VMM00048914,9.1833,105.15,1974,2023,VNM
WAM00068014,-19.6,18.117,1970,1989,NAM
WAM00068098,-22.9833,14.65,1990,2016,NAM
WAM00068110,-22.5667,17.1,1986,2023,NAM
WAM00068312,-26.5333,18.1167,1973,2014,NAM
WIM00060096,23.7111,-15.9308,1974,2023,
WQM00091245,19.2833,166.65,1946,1997,UMI
WSM00091762,-13.8,-171.783,1973,1989,
YMM00041344,15.517,44.183,1980,1990,YEM
YMM00041404,15.383,44.2,1992,1998,YEM
YMM00041480,12.833,45.033,1929,1994,YEM
ZAM00067475,-10.217,31.133,1968,1993,ZMB
ZAM00067633,-15.25,23.15,1966,1993,ZMB
ZAM00067666,-15.417,28.317,1956,2000,ZMB
ZIM00067761,-16.517,28.883,1975,2005,ZWE
ZIM00067765,-16.833,29.617,1975,1998,ZWE
ZIM00067774,-17.8333,31.0167,1970,2017,ZWE
ZIM00067781,-17.417,32.217,1975,2006,ZWE
ZIM00067843,-18.1,25.85,1973,2002,ZWE
ZIM00067853,-18.633,26.85,1975,1998,ZWE
ZIM00067861,-18.217,28.933,1986,2001,ZWE
ZIM00067867,-19.45,29.85,1973,2000,ZWE
ZIM00067869,-18.317,29.883,1975,2001,ZWE
ZIM00067881,-18.533,32.15,1984,2005,ZWE
ZIM00067964,-20.15,28.617,1970,2004,ZWE
ZIM00067975,-20.067,30.867,1973,2005,ZWE
ZIM00067977,-21.017,31.583,1973,2004,ZWE
ZIM00067991,-22.217,30.0,1973,2005,ZWE
ZZM00055385,5.5,-38.5,1985,1989,
