datetime,tmp,tmp_3h,tmp_6h,slp,slp_3h,slp_6h,QUALITY_CONTROL
2010-01-01 00:00:00,9.809999999999999,,,1019.61,,,V020
2010-01-01 12:00:00,12.01,12.276666666666666,12.338571428571429,,,,V020
2010-01-02 00:00:00,14.209999999999999,14.243333333333334,14.252857142857142,1023.01,1022.71,1022.6957142857143,V020
2010-01-02 12:00:00,14.01,14.343333333333334,14.11,,,,V020
2010-01-03 00:00:00,7.01,8.176666666666668,8.395714285714286,1002.3100000000001,1002.3433333333334,1002.5242857142857,V020
2010-01-03 12:00:00,8.709999999999999,9.643333333333333,10.267142857142856,999.71,999.71,,V020
2010-01-04 00:00:00,10.41,10.576666666666668,10.824285714285713,1007.8100000000001,1007.6100000000001,1007.3528571428571,V020
2010-01-04 12:00:00,19.009999999999998,18.676666666666666,18.724285714285713,,,,V020
2010-01-05 00:00:00,18.009999999999998,17.209999999999997,17.31,1012.8100000000001,1012.8433333333334,1012.9528571428572,V020
2010-01-05 12:00:00,16.009999999999998,16.34333333333333,16.43857142857143,,,,V020
2010-01-06 00:00:00,11.309999999999999,11.876666666666665,11.909999999999998,1014.21,1014.2766666666666,1014.2957142857143,V020
2010-01-06 12:00:00,12.01,11.343333333333334,11.295714285714286,,,,V020
2010-01-07 00:00:00,8.41,8.443333333333333,8.524285714285714,1013.3100000000001,1013.2766666666666,1013.3814285714286,V020
2010-01-07 12:00:00,9.01,9.343333333333334,9.581428571428571,,,,V020
2010-01-08 00:00:00,10.209999999999999,9.443333333333333,9.295714285714284,1011.3100000000001,1011.3766666666667,,V020
2010-01-08 12:00:00,2.0100000000000002,2.3433333333333337,4.724285714285714,,,,V020
2010-01-09 00:00:00,6.01,6.21,6.109999999999999,1020.21,1020.11,1020.0100000000001,V020
2010-01-09 12:00:00,1.01,0.676666666666666,1.4814285714285713,,,,V020
2010-01-10 00:00:00,7.31,7.409999999999999,6.838571428571428,1014.9100000000001,1014.8100000000001,1014.9528571428572,V020
2010-01-10 12:00:00,5.71,5.343333333333333,,1012.51,1012.4766666666668,,V020
2010-01-11 00:00:00,5.21,4.576666666666666,4.138571428571429,1016.8100000000001,1016.7766666666668,1016.7385714285714,V020
2010-01-11 12:00:00,1.01,0.6766666666666662,0.9528571428571428,,,,V020
2010-01-12 00:00:00,1.81,1.7766666666666662,1.3814285714285715,1018.3100000000001,1018.2766666666666,1018.3100000000001,V020
2010-01-12 12:00:00,0.01,0.009999999999999407,0.01,,,,V020
2010-01-13 00:00:00,1.41,1.176666666666666,1.167142857142857,1016.01,1016.11,1016.1385714285715,V020
2010-01-13 12:00:00,1.01,1.3433333333333328,1.4385714285714286,,,,V020
2010-01-14 00:00:00,0.11000000000000001,0.17666666666666608,0.2671428571428572,1014.9100000000001,1015.0433333333334,1015.1528571428572,V020
2010-01-14 12:00:00,1.01,1.0099999999999996,1.01,,,,V020
2010-01-15 00:00:00,0.71,1.2766666666666662,1.752857142857143,1022.9100000000001,1022.9433333333333,1022.867142857143,V020
2010-01-15 12:00:00,5.01,5.343333333333333,5.152857142857143,,,,V020
2010-01-16 00:00:00,10.709999999999999,10.61,10.424285714285714,1020.71,1020.6433333333334,1020.5528571428571,V020
2010-01-16 12:00:00,12.01,11.676666666666668,12.010000000000002,,,,V020
2010-01-17 00:00:00,10.01,9.409999999999998,9.41,1018.9100000000001,1018.9100000000002,1018.9814285714286,V020
2010-01-17 12:00:00,11.01,11.11,10.995714285714286,1018.01,1018.0433333333334,,V020
2010-01-18 00:00:00,5.21,5.843333333333333,6.338571428571428,1019.21,1019.2766666666666,1019.1528571428571,V020
2010-01-18 12:00:00,3.0100000000000002,3.01,3.1528571428571435,,,,V020
2010-01-19 00:00:00,3.91,3.309999999999999,3.0671428571428576,1018.8100000000001,1018.71,1018.4957142857144,V020
2010-01-19 12:00:00,2.0100000000000002,1.9433333333333327,1.4100000000000001,,,,V020
2010-01-20 00:00:00,1.61,2.0766666666666658,1.8671428571428572,1020.51,1020.4766666666668,1020.6528571428572,V020
2010-01-20 12:00:00,3.0100000000000002,3.0099999999999993,2.867142857142858,,,,V020
2010-01-21 00:00:00,1.01,1.1099999999999992,0.7957142857142857,1035.6100000000001,1035.4766666666667,1035.452857142857,V020
2010-01-21 12:00:00,0.01,0.3433333333333326,0.2957142857142857,,,,V020
2010-01-22 00:00:00,3.0100000000000002,3.043333333333333,2.8385714285714285,1036.01,1036.11,1036.1814285714286,V020
2010-01-22 12:00:00,9.01,9.009999999999998,9.01,,,,V020
2010-01-23 00:00:00,11.11,11.209999999999999,11.309999999999999,1035.31,1035.3766666666668,,V020
2010-01-23 12:00:00,15.01,14.676666666666664,14.024285714285714,,,,V020
2010-01-24 00:00:00,13.309999999999999,13.076666666666666,12.024285714285712,1031.51,1031.4099999999999,1031.51,V020
2010-01-24 12:00:00,7.909999999999999,7.776666666666665,8.124285714285714,1028.41,1028.3766666666666,,V020
2010-01-25 00:00:00,11.11,11.243333333333332,10.952857142857141,1029.81,1029.9099999999999,1029.8242857142857,V020
2010-01-25 12:00:00,10.01,10.009999999999998,9.724285714285713,,,,V020
2010-01-26 00:00:00,7.709999999999999,8.043333333333331,7.71,1031.81,1031.61,1031.2671428571427,V020
2010-01-26 12:00:00,0.01,1.0099999999999982,1.8671428571428574,,,,V020
2010-01-27 00:00:00,3.81,3.409999999999999,3.6242857142857146,992.8100000000001,992.71,992.4814285714285,V020
2010-01-27 12:00:00,0.41,0.37666666666666515,0.5242857142857142,984.61,,,V020
2010-01-28 00:00:00,1.7100000000000002,1.9433333333333322,1.8671428571428572,987.9100000000001,987.9433333333333,987.9528571428572,V020
2010-01-28 12:00:00,10.01,10.343333333333332,10.295714285714284,,,,V020
2010-01-29 00:00:00,18.61,18.44333333333333,17.524285714285714,998.3100000000001,998.31,998.3100000000001,V020
2010-01-29 12:00:00,16.009999999999998,16.24333333333333,16.56714285714286,,,,V020
2010-01-30 00:00:00,,,,,,,
2010-01-30 12:00:00,12.01,12.343333333333334,,,,,V020
2010-01-31 00:00:00,,,,,,,
2010-01-31 12:00:00,,,,,,,
2010-02-01 00:00:00,,,,,,,
2010-02-01 12:00:00,12.01,11.676666666666668,,,,,V020
2010-02-02 00:00:00,14.209999999999999,14.076666666666666,13.752857142857142,1011.21,1011.11,1010.71,V020
2010-02-02 12:00:00,10.209999999999999,10.51,11.138571428571428,1010.21,1010.1433333333333,,V020
2010-02-03 00:00:00,6.909999999999999,7.009999999999999,6.324285714285714,1008.01,1007.9433333333333,1007.7242857142858,V020
2010-02-03 12:00:00,8.01,7.343333333333334,7.152857142857143,,,,V020
2010-02-04 00:00:00,10.809999999999999,10.81,10.452857142857143,1015.21,1015.31,1015.3957142857143,V020
2010-02-04 12:00:00,6.01,7.010000000000001,7.01,,,,V020
2010-02-05 00:00:00,8.11,7.843333333333333,7.595714285714285,1023.9100000000001,1023.9433333333332,1023.8957142857143,V020
2010-02-05 12:00:00,8.01,7.343333333333334,7.295714285714285,,,,V020
2010-02-06 00:00:00,1.01,1.7766666666666666,2.1242857142857146,1010.51,1010.5433333333332,1010.7099999999999,V020
2010-02-06 12:00:00,1.01,0.6766666666666667,0.8242857142857142,,,,V020
2010-02-07 00:00:00,0.41,0.31,0.2957142857142857,1012.11,1012.11,1011.9671428571428,V020
2010-02-07 12:00:00,1.81,1.5433333333333337,1.9385714285714286,,,,V020
2010-02-08 00:00:00,9.01,9.209999999999999,8.738571428571428,1014.11,1014.0766666666667,1014.0385714285713,V020
2010-02-08 12:00:00,7.01,8.01,8.581428571428571,,,,V020
2010-02-09 00:00:00,9.809999999999999,10.876666666666665,11.352857142857141,1018.51,1018.5766666666665,1018.5528571428573,V020
2010-02-09 12:00:00,9.51,10.209999999999999,10.024285714285714,1019.61,1019.5433333333334,,V020
2010-02-10 00:00:00,13.309999999999999,12.943333333333333,13.138571428571428,1016.9100000000001,1016.9766666666666,1016.8957142857143,V020
2010-02-10 12:00:00,13.01,12.943333333333333,13.124285714285714,,,,V020
2010-02-11 00:00:00,14.61,14.509999999999998,14.581428571428571,1009.71,1009.7099999999999,1009.71,V020
2010-02-11 12:00:00,13.01,13.343333333333334,13.767142857142856,,,,V020
2010-02-12 00:00:00,8.709999999999999,8.743333333333334,8.28142857142857,1016.9100000000001,1016.91,1016.8814285714286,V020
2010-02-12 12:00:00,0.01,0.01,1.3671428571428572,,,,V020
2010-02-13 00:00:00,6.3100000000000005,5.976666666666667,3.2528571428571427,1007.4100000000001,1007.3433333333332,,V020
2010-02-13 12:00:00,1.01,1.3433333333333335,1.6528571428571428,,,,V020
2010-02-14 00:00:00,2.6100000000000003,2.11,1.8671428571428572,996.8100000000001,997.1433333333334,997.1099999999999,V020
2010-02-14 12:00:00,0.31,0.4766666666666666,0.8814285714285715,998.61,998.9433333333333,,V020
2010-02-15 00:00:00,0.51,0.7433333333333332,0.7385714285714285,1004.51,1004.4433333333333,1004.4385714285714,V020
2010-02-15 12:00:00,3.0100000000000002,2.3433333333333333,2.152857142857143,,,,V020
2010-02-16 00:00:00,3.41,3.2433333333333327,3.91,1011.11,1011.11,1011.1385714285715,V020
2010-02-16 12:00:00,6.409999999999999,6.576666666666665,6.724285714285714,1015.4100000000001,,,V020
2010-02-17 00:00:00,9.209999999999999,9.576666666666666,9.738571428571428,1017.4100000000001,1017.4433333333333,1017.3814285714286,V020
2010-02-17 12:00:00,12.01,12.01,11.581428571428571,,,,V020
2010-02-18 00:00:00,17.11,17.31,17.15285714285714,1016.11,1016.0766666666665,1015.9814285714285,V020
2010-02-18 12:00:00,14.41,14.476666666666665,14.924285714285714,1016.11,,,V020
2010-02-19 00:00:00,17.71,16.676666666666666,,1017.61,1017.61,,V020
2010-02-19 12:00:00,13.01,13.343333333333334,13.43857142857143,,,,V020
2010-02-20 00:00:00,15.809999999999999,16.043333333333333,15.967142857142857,1019.4100000000001,1019.3766666666667,1019.3671428571428,V020
2010-02-20 12:00:00,16.009999999999998,15.343333333333334,15.124285714285714,,,,V020
2010-02-21 00:00:00,17.11,17.076666666666664,16.767142857142854,1019.9100000000001,1019.7766666666666,1019.6528571428571,V020
2010-02-21 12:00:00,14.41,14.709999999999999,15.081428571428571,1016.9100000000001,1016.8433333333332,,V020
2010-02-22 00:00:00,16.509999999999998,15.943333333333333,15.695714285714285,1013.01,1012.9099999999999,1012.6814285714287,V020
2010-02-22 12:00:00,10.01,10.343333333333334,11.010000000000002,,,,V020
2010-02-23 00:00:00,17.21,,,1003.21,,,V020
2010-02-23 12:00:00,16.009999999999998,16.21,16.667142857142856,,,,V020
2010-02-24 00:00:00,18.81,19.076666666666668,18.909999999999997,998.51,998.31,998.1814285714287,V020
2010-02-24 12:00:00,16.31,16.31,16.738571428571426,999.11,,,V020
2010-02-25 00:00:00,11.91,11.876666666666667,12.524285714285714,999.01,998.8766666666666,998.8385714285713,V020
2010-02-25 12:00:00,10.11,10.376666666666667,11.309999999999999,1000.11,,,V020
2010-02-26 00:00:00,10.41,10.676666666666668,10.481428571428571,1003.71,1003.71,1003.6957142857143,V020
2010-02-26 12:00:00,8.01,8.043333333333335,8.167142857142856,,,,V020
2010-02-27 00:00:00,9.61,9.01,8.995714285714284,1003.51,1003.4099999999999,1003.2528571428572,V020
2010-02-27 12:00:00,10.01,9.676666666666668,10.095714285714285,,,,V020
2010-02-28 00:00:00,15.11,15.076666666666668,14.895714285714286,1002.21,1002.2766666666666,1002.2385714285713,V020
2010-02-28 12:00:00,12.209999999999999,12.410000000000002,12.838571428571429,1004.8100000000001,1004.7766666666666,,V020
2010-03-01 00:00:00,16.11,15.01,15.581428571428571,1003.71,1003.6766666666666,1003.7099999999999,V020
2010-03-01 12:00:00,13.01,12.676666666666668,12.724285714285715,,,,V020
2010-03-02 00:00:00,16.509999999999998,16.576666666666664,16.21,1007.11,1007.1433333333333,1007.1528571428571,V020
2010-03-02 12:00:00,14.01,12.676666666666668,13.038571428571428,,,,V020
2010-03-03 00:00:00,17.21,16.376666666666665,15.524285714285714,1014.11,1014.0433333333334,1014.1242857142859,V020
2010-03-03 12:00:00,8.209999999999999,8.743333333333334,9.752857142857142,1016.01,,,V020
2010-03-04 00:00:00,14.709999999999999,14.81,13.724285714285713,1017.9100000000001,1017.8766666666667,1017.6385714285715,V020
2010-03-04 12:00:00,6.01,6.4433333333333325,7.0528571428571425,,,,V020
2010-03-05 00:00:00,6.11,6.043333333333334,5.924285714285714,1012.11,1012.1433333333333,1012.0814285714285,V020
2010-03-05 12:00:00,4.01,3.01,3.438571428571428,,,,V020
2010-03-06 00:00:00,4.41,4.4433333333333325,4.424285714285714,1017.3100000000001,1017.31,1017.2957142857142,V020
2010-03-06 12:00:00,7.01,6.676666666666667,6.938571428571429,,,,V020
2010-03-07 00:00:00,0.31,0.7433333333333333,1.1528571428571428,1008.9100000000001,1008.81,1008.7242857142858,V020
2010-03-07 12:00:00,7.51,7.976666666666667,7.895714285714285,1001.9100000000001,1001.7433333333333,,V020
2010-03-08 00:00:00,2.1100000000000003,2.3433333333333333,3.281428571428571,992.3100000000001,991.71,991.41,V020
2010-03-08 12:00:00,4.51,4.776666666666667,4.467142857142858,995.3100000000001,995.1433333333333,,V020
2010-03-09 00:00:00,4.11,4.210000000000001,4.281428571428571,,,,V020
2010-03-09 12:00:00,5.01,5.010000000000001,4.967142857142856,,,,V020
2010-03-10 00:00:00,4.41,4.343333333333334,4.467142857142858,1002.4100000000001,1002.5099999999999,1002.5671428571429,V020
2010-03-10 12:00:00,4.01,3.676666666666667,3.724285714285714,,,,V020
2010-03-11 00:00:00,8.209999999999999,7.843333333333334,7.524285714285713,999.3100000000001,999.4766666666666,999.4957142857144,V020
2010-03-11 12:00:00,3.0100000000000002,2.6766666666666676,3.6814285714285715,,,,V020
2010-03-12 00:00:00,6.11,6.1433333333333335,6.6814285714285715,995.61,995.7766666666666,995.7099999999999,V020
2010-03-12 12:00:00,4.51,4.51,4.452857142857143,995.61,,,V020
2010-03-13 00:00:00,7.109999999999999,6.743333333333332,6.624285714285713,993.21,992.9766666666666,993.1242857142857,V020
2010-03-13 12:00:00,7.01,6.376666666666666,6.952857142857143,,,,V020
2010-03-14 00:00:00,7.109999999999999,7.476666666666666,8.138571428571428,998.01,997.8766666666667,997.61,V020
2010-03-14 12:00:00,5.8100000000000005,5.576666666666665,5.881428571428572,998.71,998.6766666666666,,V020
2010-03-15 00:00:00,9.61,10.209999999999999,10.395714285714286,1000.4100000000001,1000.4766666666666,1000.4814285714285,V020
2010-03-15 12:00:00,8.51,8.743333333333332,9.18142857142857,1003.51,1003.4766666666666,,V020
2010-03-16 00:00:00,11.41,11.976666666666667,11.867142857142856,1003.9100000000001,1003.81,1003.7242857142857,V020
2010-03-16 12:00:00,7.51,7.6099999999999985,7.724285714285714,1004.71,,,V020
2010-03-17 00:00:00,7.409999999999999,7.543333333333332,8.209999999999999,1004.61,1004.61,1004.6671428571428,V020
2010-03-17 12:00:00,6.01,6.143333333333332,7.21,,,,V020
2010-03-18 00:00:00,10.61,10.51,10.195714285714287,1007.61,1007.5766666666665,1007.51,V020
2010-03-18 12:00:00,5.01,4.676666666666665,5.438571428571429,,,,V020
2010-03-19 00:00:00,9.61,9.376666666666665,9.38142857142857,1004.4100000000001,1004.4766666666666,1004.5671428571428,V020
2010-03-19 12:00:00,4.01,3.6766666666666654,4.438571428571429,,,,V020
2010-03-20 00:00:00,10.11,10.543333333333331,10.68142857142857,994.3100000000001,994.3766666666666,994.4385714285714,V020
2010-03-20 12:00:00,5.01,5.676666666666665,6.138571428571429,,,,V020
2010-03-21 00:00:00,4.01,4.243333333333331,4.824285714285715,,,,V020
2010-03-21 12:00:00,1.61,1.9766666666666655,2.0100000000000002,997.61,997.4766666666666,,V020
2010-03-22 00:00:00,4.61,4.843333333333333,4.781428571428571,997.51,997.3766666666666,997.4242857142856,V020
2010-03-22 12:00:00,2.0100000000000002,2.0099999999999993,2.4385714285714286,,,,V020
2010-03-23 00:00:00,1.9100000000000001,2.0766666666666658,2.1242857142857146,,,,V020
2010-03-23 12:00:00,2.0100000000000002,2.009999999999999,1.8671428571428574,,,,V020
2010-03-24 00:00:00,6.11,6.076666666666665,6.024285714285713,1014.01,1014.0433333333334,1013.9385714285715,V020
2010-03-24 12:00:00,1.81,1.9766666666666655,2.61,1018.9100000000001,,,V020
2010-03-25 00:00:00,7.81,7.6099999999999985,7.709999999999999,1020.21,1020.1433333333333,1019.9528571428572,V020
2010-03-25 12:00:00,1.01,1.0766666666666656,2.0385714285714287,,,,V020
2010-03-26 00:00:00,6.21,6.243333333333332,6.3100000000000005,1011.3100000000001,1011.4099999999999,1011.3528571428571,V020
2010-03-26 12:00:00,3.0100000000000002,2.3433333333333324,1.8671428571428572,,,,V020
2010-03-27 00:00:00,7.209999999999999,6.709999999999998,6.424285714285714,1011.01,1011.11,1011.0528571428571,V020
2010-03-27 12:00:00,1.01,1.3433333333333322,1.552857142857143,,,,V020
2010-03-28 00:00:00,3.6100000000000003,4.576666666666665,4.11,1009.61,1009.61,1009.6814285714285,V020
2010-03-28 12:00:00,1.31,1.5433333333333323,1.7100000000000002,1006.51,1006.61,,V020
2010-03-29 00:00:00,5.41,4.909999999999999,4.967142857142856,1004.3100000000001,1004.3433333333334,,V020
2010-03-29 12:00:00,1.51,1.5099999999999991,1.51,1004.9100000000001,,,V020
2010-03-30 00:00:00,4.01,3.8433333333333324,3.624285714285714,1004.21,1004.21,1004.2242857142857,V020
2010-03-30 12:00:00,2.0100000000000002,2.01,2.0100000000000002,,,,V020
2010-03-31 00:00:00,4.8100000000000005,4.81,4.367142857142857,1006.3100000000001,1006.31,,V020
2010-03-31 12:00:00,1.01,0.6766666666666662,0.9957142857142858,,,,V020
2010-04-01 00:00:00,0.71,1.0766666666666662,1.1385714285714286,1010.51,1010.3766666666667,1010.3528571428571,V020
2010-04-01 12:00:00,3.1100000000000003,4.609999999999999,4.6814285714285715,1008.9100000000001,1008.9433333333333,1008.9671428571428,V020
2010-04-02 00:00:00,5.41,5.609999999999999,5.195714285714287,1007.01,1006.9766666666666,,V020
2010-04-02 12:00:00,6.609999999999999,6.843333333333333,7.0528571428571425,1006.71,1007.0433333333332,1007.1814285714287,V020
2010-04-03 00:00:00,3.71,3.143333333333333,3.1671428571428573,1013.51,1013.4433333333333,1013.267142857143,V020
2010-04-03 12:00:00,5.3100000000000005,6.276666666666666,5.910000000000001,1016.3100000000001,1016.2766666666666,,V020
2010-04-04 00:00:00,0.71,0.7433333333333327,1.2385714285714289,1021.21,1021.21,1021.21,V020
2010-04-04 12:00:00,2.41,2.809999999999999,3.2671428571428573,1023.21,1023.1766666666666,,V020
2010-04-05 00:00:00,0.11000000000000001,0.5099999999999995,0.8957142857142858,1023.8100000000001,1023.7433333333333,1023.7671428571429,V020
2010-04-05 12:00:00,4.8100000000000005,4.609999999999999,3.724285714285714,1023.8100000000001,,,V020
2010-04-06 00:00:00,1.01,1.0433333333333328,1.3242857142857143,1025.71,1025.81,1025.8528571428571,V020
2010-04-06 12:00:00,2.0100000000000002,2.4433333333333334,2.6242857142857146,,,,V020
2010-04-07 00:00:00,0.61,0.8099999999999993,0.8242857142857142,,,,V020
2010-04-07 12:00:00,4.01,3.676666666666666,3.295714285714286,,,,V020
2010-04-08 00:00:00,0.21000000000000002,0.20999999999999944,0.4671428571428571,1019.61,1019.6766666666666,1019.71,V020
2010-04-08 12:00:00,5.01,4.343333333333333,3.724285714285714,,,,V020
2010-04-09 00:00:00,1.7100000000000002,1.7433333333333332,1.61,1018.21,1018.2766666666666,1018.3242857142858,V020
2010-04-09 12:00:00,7.01,6.009999999999999,5.438571428571429,,,,V020
2010-04-10 00:00:00,0.41,0.4433333333333331,0.8099999999999999,1028.31,1028.243333333333,1028.152857142857,V020
2010-04-10 12:00:00,6.01,5.676666666666666,4.8100000000000005,,,,V020
2010-04-11 00:00:00,1.61,1.1766666666666665,1.2671428571428571,1035.21,1035.0766666666666,1035.0814285714284,V020
2010-04-11 12:00:00,5.61,5.81,5.152857142857143,1029.21,1029.1433333333332,,V020
2010-04-12 00:00:00,4.11,4.41,4.481428571428571,1020.71,1020.7433333333333,1020.5814285714285,V020
2010-04-12 12:00:00,10.01,9.61,9.424285714285714,,,,V020
2010-04-13 00:00:00,2.81,3.2433333333333336,2.8242857142857143,1009.4100000000001,1009.0766666666665,1009.3814285714286,V020
2010-04-13 12:00:00,1.01,1.3100000000000003,1.1385714285714286,,,,V020
2010-04-14 00:00:00,0.21000000000000002,0.37666666666666676,0.48142857142857143,1017.51,,,V020
2010-04-14 12:00:00,4.01,4.343333333333334,4.152857142857142,,,,V020
2010-04-15 00:00:00,1.51,2.0433333333333334,2.238571428571429,1005.01,1004.91,1004.6814285714287,V020
2010-04-15 12:00:00,7.609999999999999,7.743333333333332,7.167142857142856,999.4100000000001,,,V020
2010-04-16 00:00:00,1.1099999999999999,0.7766666666666667,0.6385714285714286,997.51,997.61,997.5814285714285,V020
2010-04-16 12:00:00,2.0100000000000002,2.1433333333333335,1.9242857142857144,,,,V020
2010-04-17 00:00:00,0.01,0.17666666666666683,0.45285714285714285,992.71,992.8433333333332,993.0671428571428,V020
2010-04-17 12:00:00,5.01,4.276666666666666,4.195714285714286,,,,V020
2010-04-18 00:00:00,1.9100000000000001,2.0100000000000002,2.295714285714286,992.11,992.1766666666666,992.1528571428571,V020
2010-04-18 12:00:00,2.81,2.81,2.1957142857142857,992.4100000000001,992.3766666666667,,V020
2010-04-19 00:00:00,5.01,4.8100000000000005,4.281428571428571,996.61,996.5433333333334,996.4814285714284,V020
2010-04-19 12:00:00,1.41,1.8099999999999998,1.0671428571428572,1002.21,,,V020
2010-04-20 00:00:00,0.21000000000000002,0.5433333333333333,0.6814285714285714,1004.9100000000001,1005.0766666666667,1005.11,V020
2010-04-20 12:00:00,0.01,0.3433333333333333,0.41000000000000003,,,,V020
2010-04-21 00:00:00,3.31,2.7433333333333336,2.8099999999999996,1012.01,1011.9433333333333,1011.8814285714286,V020
2010-04-21 12:00:00,4.01,4.01,3.367142857142857,,,,V020
2010-04-22 00:00:00,2.21,2.443333333333333,2.3242857142857143,1013.4100000000001,1013.3433333333332,1013.2528571428571,V020
2010-04-22 12:00:00,5.01,4.01,3.152857142857143,,,,V020
2010-04-23 00:00:00,0.11000000000000001,0.40999999999999964,0.71,1010.4100000000001,1010.31,1010.2671428571429,V020
2010-04-23 12:00:00,4.01,4.009999999999999,3.424285714285714,,,,V020
2010-04-24 00:00:00,0.61,0.3766666666666661,0.5671428571428571,1011.3100000000001,1011.31,1011.3671428571428,V020
2010-04-24 12:00:00,1.01,1.0099999999999996,1.11,,,,V020
2010-04-25 00:00:00,0.71,1.1099999999999994,1.6385714285714286,1019.01,1019.0766666666665,1019.1242857142855,V020
2010-04-25 12:00:00,3.21,3.3766666666666665,2.9814285714285718,1021.01,1020.9433333333333,,V020
2010-04-26 00:00:00,1.1099999999999999,0.7433333333333331,0.9528571428571428,1020.01,1019.9766666666666,1019.8385714285714,V020
2010-04-26 12:00:00,5.01,4.343333333333333,4.152857142857143,,,,V020
2010-04-27 00:00:00,2.1100000000000003,2.0100000000000002,1.452857142857143,996.01,995.8766666666667,995.7528571428571,V020
2010-04-27 12:00:00,0.01,1.01,1.4385714285714286,,,,V020
2010-04-28 00:00:00,2.6100000000000003,2.2433333333333336,1.8957142857142857,1003.51,1003.5433333333332,1003.3385714285713,V020
2010-04-28 12:00:00,0.21000000000000002,0.5433333333333331,0.3814285714285714,1000.9100000000001,,,V020
2010-04-29 00:00:00,1.01,0.5766666666666665,0.5242857142857142,1001.21,1001.0766666666667,1001.21,V020
2010-04-29 12:00:00,1.01,0.6766666666666664,0.8671428571428572,,,,V020
2010-04-30 00:00:00,3.41,2.91,2.738571428571429,1005.11,1005.0766666666665,1004.9814285714284,V020
2010-04-30 12:00:00,3.1100000000000003,3.143333333333333,2.924285714285714,1003.51,,,V020
2010-05-01 00:00:00,0.8099999999999999,0.8099999999999996,0.6528571428571428,1000.71,1000.6766666666666,1000.6385714285715,V020
2010-05-01 12:00:00,2.0100000000000002,2.3433333333333333,2.295714285714286,,,,V020
2010-05-02 00:00:00,0.8099999999999999,1.3099999999999998,1.4385714285714286,995.51,995.5099999999999,995.5242857142857,V020
2010-05-02 12:00:00,4.51,4.443333333333333,4.081428571428572,994.51,994.5433333333332,,V020
2010-05-03 00:00:00,3.41,3.41,3.41,1001.8100000000001,1001.6766666666666,1001.5957142857143,V020
2010-05-03 12:00:00,5.01,5.343333333333334,5.381428571428571,,,,V020
2010-05-04 00:00:00,2.71,2.5100000000000002,2.638571428571429,1014.61,1014.6433333333333,1014.6528571428571,V020
2010-05-04 12:00:00,5.8100000000000005,5.943333333333334,5.838571428571429,1018.8100000000001,,,V020
2010-05-05 00:00:00,0.31,,,1019.8100000000001,,,V020
2010-05-05 12:00:00,3.0100000000000002,3.0100000000000002,2.867142857142858,,,,V020
2010-05-06 00:00:00,1.1099999999999999,,,1021.8100000000001,,,V020
2010-05-06 12:00:00,6.01,6.076666666666667,,,,,V020
2010-05-07 00:00:00,0.41,,,1027.71,,,V020
2010-05-07 12:00:00,8.01,7.81,7.352857142857142,,,,V020
2010-05-08 00:00:00,2.21,2.5100000000000002,,1017.11,1017.0433333333334,,V020
2010-05-08 12:00:00,9.01,,,,,,V020
2010-05-09 00:00:00,1.41,,,1008.51,,,V020
2010-05-09 12:00:00,4.11,,,1007.01,,,V020
2010-05-10 00:00:00,1.41,,,1008.71,,,V020
2010-05-10 12:00:00,6.01,6.11,5.61,,,,V020
2010-05-11 00:00:00,5.51,,,1010.9100000000001,,,V020
2010-05-11 12:00:00,9.01,8.01,7.724285714285714,,,,V020
2010-05-12 00:00:00,4.41,4.543333333333334,4.581428571428572,1013.61,1013.5099999999999,1013.3814285714286,V020
2010-05-12 12:00:00,10.01,10.01,10.195714285714285,,,,V020
2010-05-13 00:00:00,3.91,4.210000000000001,4.552857142857143,1019.01,1019.0766666666665,1018.952857142857,V020
2010-05-13 12:00:00,12.01,11.676666666666668,10.624285714285714,,,,V020
2010-05-14 00:00:00,9.01,8.81,8.352857142857143,1020.4100000000001,1020.3433333333334,1020.2385714285714,V020
2010-05-14 12:00:00,9.01,10.343333333333334,10.867142857142856,,,,V020
2010-05-15 00:00:00,6.609999999999999,6.31,6.081428571428572,1019.61,1019.5766666666667,1019.5528571428571,V020
2010-05-15 12:00:00,19.009999999999998,18.676666666666662,18.181428571428572,,,,V020
2010-05-16 00:00:00,12.01,11.843333333333334,12.067142857142857,1020.01,1020.1433333333333,1020.2385714285713,V020
2010-05-16 12:00:00,17.009999999999998,17.24333333333333,17.238571428571426,1020.8100000000001,1020.71,,V020
2010-05-17 00:00:00,13.41,12.676666666666664,12.752857142857142,1020.21,1020.1433333333333,1020.0814285714285,V020
2010-05-17 12:00:00,21.21,21.21,21.08142857142857,1018.21,1018.2099999999999,,V020
2010-05-18 00:00:00,15.11,14.009999999999998,14.338571428571427,1020.51,1020.4766666666666,1020.4242857142857,V020
2010-05-18 12:00:00,11.01,11.343333333333332,11.010000000000002,,,,V020
2010-05-19 00:00:00,6.01,5.809999999999999,5.7385714285714275,1033.41,1033.3433333333332,1033.4099999999999,V020
2010-05-19 12:00:00,8.01,7.676666666666665,7.581428571428572,,,,V020
2010-05-20 00:00:00,5.41,5.243333333333332,5.767142857142857,1028.6100000000001,1028.7433333333333,1028.7528571428572,V020
2010-05-20 12:00:00,11.01,11.343333333333332,11.01,,,,V020
2010-05-21 00:00:00,8.41,7.876666666666665,7.895714285714285,1025.91,1025.8766666666668,1025.91,V020
2010-05-21 12:00:00,7.01,7.009999999999998,7.409999999999999,,,,V020
2010-05-22 00:00:00,6.11,5.676666666666666,5.71,1026.81,1026.6766666666665,1026.6671428571428,V020
2010-05-22 12:00:00,10.01,9.676666666666664,9.067142857142857,,,,V020
2010-05-23 00:00:00,6.3100000000000005,6.309999999999999,6.410000000000001,1011.11,1011.11,1011.0671428571428,V020
2010-05-23 12:00:00,6.3100000000000005,6.276666666666666,6.395714285714286,1010.01,1009.9433333333333,,V020
2010-05-24 00:00:00,3.1100000000000003,2.9766666666666652,3.424285714285715,1008.61,1008.5099999999999,1008.5671428571428,V020
2010-05-24 12:00:00,8.61,8.476666666666667,8.195714285714285,1007.01,1007.0766666666667,1007.0242857142857,V020
2010-05-25 00:00:00,4.61,4.91,5.167142857142857,1006.4100000000001,1006.4433333333333,1006.3385714285715,V020
2010-05-25 12:00:00,14.01,13.343333333333334,12.581428571428571,,,,V020
2010-05-26 00:00:00,7.81,7.4433333333333325,7.438571428571428,1011.61,1011.5766666666665,1011.5814285714285,V020
2010-05-26 12:00:00,13.309999999999999,13.543333333333331,13.081428571428571,1014.8100000000001,1014.8433333333332,,V020
2010-05-27 00:00:00,6.609999999999999,,,1016.8100000000001,,,V020
2010-05-27 12:00:00,12.01,11.709999999999999,11.595714285714283,,,,V020
2010-05-28 00:00:00,7.109999999999999,7.1099999999999985,7.795714285714285,1016.4100000000001,1016.3100000000001,1016.1099999999999,V020
2010-05-28 12:00:00,13.01,13.076666666666663,13.18142857142857,,,,V020
2010-05-29 00:00:00,9.91,8.676666666666664,8.938571428571429,1011.01,1011.0433333333334,1011.0385714285715,V020
2010-05-29 12:00:00,14.01,14.243333333333332,14.11,,,,V020
2010-05-30 00:00:00,5.61,5.709999999999998,6.838571428571428,1006.71,1006.81,1006.9385714285715,V020
2010-05-30 12:00:00,10.61,10.343333333333332,10.367142857142856,1009.8100000000001,1009.7433333333332,,V020
2010-05-31 00:00:00,6.409999999999999,6.209999999999998,6.438571428571428,1011.51,1011.5099999999999,1011.5385714285713,V020
2010-05-31 12:00:00,8.01,6.943333333333331,6.695714285714286,,,,V020
2010-06-01 00:00:00,1.81,2.5766666666666644,3.0242857142857145,1014.9100000000001,1014.7433333333332,1014.6099999999999,V020
2010-06-01 12:00:00,7.01,5.343333333333331,5.624285714285714,,,,V020
2010-06-02 00:00:00,1.1099999999999999,0.743333333333331,1.9528571428571428,1021.61,1021.61,1021.3671428571428,V020
2010-06-02 12:00:00,12.01,11.676666666666664,11.252857142857142,,,,V020
2010-06-03 00:00:00,9.11,9.176666666666664,9.638571428571428,1009.11,1009.11,1009.0957142857143,V020
2010-06-03 12:00:00,7.81,7.74333333333333,7.595714285714285,1006.8100000000001,1006.71,,V020
2010-06-04 00:00:00,5.8100000000000005,5.876666666666665,5.795714285714285,1009.71,1009.61,1009.51,V020
2010-06-04 12:00:00,4.21,4.709999999999997,4.395714285714286,1012.21,1012.21,,V020
2010-06-05 00:00:00,3.0100000000000002,2.776666666666664,2.552857142857143,1009.4100000000001,1009.4766666666666,1009.7242857142857,V020
2010-06-05 12:00:00,4.01,3.3433333333333315,3.2242857142857146,,,,V020
2010-06-06 00:00:00,2.91,2.7099999999999977,2.9528571428571433,1011.3100000000001,1011.41,1011.3671428571428,V020
2010-06-06 12:00:00,5.71,6.009999999999998,5.581428571428572,1012.51,1012.5099999999999,1012.4671428571428,V020
2010-06-07 00:00:00,4.11,4.04333333333333,4.11,1013.21,1013.11,1013.1242857142857,V020
2010-06-07 12:00:00,4.41,4.476666666666664,4.638571428571429,1015.8100000000001,,,V020
2010-06-08 00:00:00,2.81,2.8433333333333306,3.052857142857143,1016.01,1016.0433333333334,1016.0671428571428,V020
2010-06-08 12:00:00,8.01,7.709999999999997,7.524285714285715,,,,V020
2010-06-09 00:00:00,4.71,4.809999999999998,5.01,1011.8100000000001,1011.8766666666667,1012.0957142857143,V020
2010-06-09 12:00:00,7.01,6.676666666666665,7.481428571428571,,,,V020
2010-06-10 00:00:00,4.21,4.509999999999998,4.3100000000000005,1016.51,1016.4433333333333,1016.5385714285715,V020
2010-06-10 12:00:00,8.01,7.009999999999998,6.867142857142857,,,,V020
2010-06-11 00:00:00,4.01,4.243333333333331,4.481428571428571,1014.61,1014.5766666666665,1014.51,V020
2010-06-11 12:00:00,9.01,9.343333333333332,9.43857142857143,,,,V020
2010-06-12 00:00:00,10.709999999999999,10.776666666666664,10.81,1006.3100000000001,1006.2766666666666,1006.2814285714285,V020
2010-06-12 12:00:00,14.01,14.343333333333332,14.124285714285714,,,,V020
2010-06-13 00:00:00,10.41,10.14333333333333,10.138571428571428,1000.61,1000.5433333333334,1000.6528571428571,V020
2010-06-13 12:00:00,11.309999999999999,11.009999999999996,11.01,1003.71,1003.71,,V020
2010-06-14 00:00:00,6.709999999999999,6.709999999999997,6.71,1010.51,1010.4433333333333,1010.4242857142856,V020
2010-06-14 12:00:00,5.61,5.676666666666665,6.1242857142857146,1016.21,1016.1433333333333,,V020
2010-06-15 00:00:00,3.5100000000000002,3.909999999999997,4.467142857142858,1018.4100000000001,1018.4433333333333,1018.4385714285715,V020
2010-06-15 12:00:00,9.709999999999999,10.009999999999996,9.967142857142857,1018.71,1018.7433333333333,,V020
2010-06-16 00:00:00,7.909999999999999,8.109999999999998,8.195714285714287,1016.11,1016.1766666666666,1016.0814285714285,V020
2010-06-16 12:00:00,13.51,13.509999999999996,13.124285714285714,1011.9100000000001,1011.9433333333333,,V020
2010-06-17 00:00:00,8.61,8.576666666666664,9.024285714285712,1011.9100000000001,1011.8766666666667,1011.8242857142857,V020
2010-06-17 12:00:00,10.01,10.343333333333332,,,,,V020
2010-06-18 00:00:00,7.609999999999999,7.676666666666663,7.838571428571428,1008.01,1007.9766666666666,1008.0814285714285,V020
2010-06-18 12:00:00,10.91,10.976666666666665,10.652857142857142,1009.71,1009.61,,V020
2010-06-19 00:00:00,6.51,6.54333333333333,6.467142857142856,1011.61,1011.6433333333333,1011.6242857142857,V020
2010-06-19 12:00:00,5.01,5.143333333333331,5.124285714285714,,,,V020
2010-06-20 00:00:00,5.41,5.376666666666665,5.467142857142858,1005.21,1005.21,1005.3242857142857,V020
2010-06-20 12:00:00,7.409999999999999,7.643333333333331,7.638571428571429,1004.11,,,V020
2010-06-21 00:00:00,5.11,5.043333333333332,5.01,1004.11,1004.11,1004.352857142857,V020
2010-06-21 12:00:00,11.209999999999999,11.109999999999998,10.867142857142856,1007.01,1007.0433333333334,,V020
2010-06-22 00:00:00,8.51,8.676666666666664,8.824285714285713,1005.4100000000001,1005.3433333333332,1005.2671428571429,V020
2010-06-22 12:00:00,10.01,10.676666666666664,10.424285714285714,,,,V020
2010-06-23 00:00:00,7.109999999999999,6.74333333333333,6.667142857142857,1008.51,1008.5766666666667,1008.6528571428572,V020
2010-06-23 12:00:00,9.209999999999999,9.309999999999997,9.31,1015.3100000000001,,,V020
2010-06-24 00:00:00,6.51,6.54333333333333,6.7385714285714275,1017.51,1017.4766666666666,1017.3671428571428,V020
2010-06-24 12:00:00,9.01,9.343333333333332,9.295714285714284,,,,V020
2010-06-25 00:00:00,5.11,5.343333333333331,6.195714285714286,1016.71,1016.6433333333333,1016.4385714285714,V020
2010-06-25 12:00:00,13.01,13.009999999999998,13.167142857142855,,,,V020
2010-06-26 00:00:00,12.91,12.876666666666665,14.224285714285715,1004.21,1004.21,1004.1242857142857,V020
2010-06-26 12:00:00,21.009999999999998,20.34333333333333,19.381428571428568,,,,V020
2010-06-27 00:00:00,6.909999999999999,7.0766666666666636,7.224285714285713,1007.3100000000001,1007.1766666666666,1006.9814285714284,V020
2010-06-27 12:00:00,8.41,7.643333333333331,7.781428571428571,1008.3100000000001,1008.2099999999999,,V020
2010-06-28 00:00:00,6.81,6.809999999999998,6.895714285714285,1010.61,1010.6766666666666,1010.6957142857143,V020
2010-06-28 12:00:00,8.01,7.676666666666665,7.695714285714286,,,,V020
2010-06-29 00:00:00,7.31,7.243333333333331,6.981428571428571,1018.3100000000001,1018.3766666666667,1018.4528571428572,V020
2010-06-29 12:00:00,9.01,9.343333333333332,9.152857142857142,,,,V020
2010-06-30 00:00:00,8.309999999999999,7.943333333333331,7.867142857142857,1016.11,1016.1433333333333,1016.01,V020
2010-06-30 12:00:00,12.01,12.009999999999998,11.23857142857143,1012.9100000000001,1012.9433333333333,,V020
2010-07-01 00:00:00,7.81,8.009999999999996,8.224285714285715,1013.11,1013.2433333333333,,V020
2010-07-01 12:00:00,8.809999999999999,8.676666666666662,8.595714285714285,1014.51,1014.5099999999999,,V020
2010-07-02 00:00:00,7.31,7.276666666666663,7.28142857142857,1017.61,1017.61,1017.5528571428571,V020
2010-07-02 12:00:00,8.809999999999999,9.14333333333333,9.038571428571426,1019.71,1019.5433333333334,1019.2528571428572,V020
2010-07-03 00:00:00,5.11,5.376666666666665,6.167142857142857,1015.01,1014.9433333333333,1014.9671428571429,V020
2010-07-03 12:00:00,10.709999999999999,10.64333333333333,10.724285714285713,1014.21,,,V020
2010-07-04 00:00:00,8.51,8.543333333333331,9.452857142857143,1014.71,1014.8433333333332,1014.8528571428571,V020
2010-07-04 12:00:00,16.61,16.576666666666664,15.981428571428571,1013.4100000000001,1013.61,,V020
2010-07-05 00:00:00,11.209999999999999,10.976666666666665,11.052857142857144,1015.01,1014.9766666666666,1014.6671428571428,V020
2010-07-05 12:00:00,13.01,13.343333333333332,13.352857142857143,,,,V020
2010-07-06 00:00:00,13.709999999999999,13.176666666666662,13.367142857142856,1005.61,1005.7433333333332,1005.7957142857142,V020
2010-07-06 12:00:00,12.01,12.343333333333332,12.667142857142858,,,,V020
2010-07-07 00:00:00,11.41,11.376666666666665,12.167142857142858,1012.21,1012.21,1012.1957142857143,V020
2010-07-07 12:00:00,13.01,14.009999999999998,13.867142857142856,,,,V020
2010-07-08 00:00:00,8.309999999999999,8.776666666666664,9.567142857142857,1015.21,1015.11,1014.8385714285714,V020
2010-07-08 12:00:00,19.009999999999998,19.009999999999994,19.038571428571426,,,,V020
2010-07-09 00:00:00,12.01,12.176666666666662,12.53857142857143,1011.51,1011.5433333333332,1011.61,V020
2010-07-09 12:00:00,17.009999999999998,16.34333333333333,16.409999999999997,,,,V020
2010-07-10 00:00:00,11.91,11.609999999999994,11.995714285714286,1014.9100000000001,1014.8433333333332,1014.6957142857143,V020
2010-07-10 12:00:00,17.009999999999998,16.676666666666662,15.667142857142855,,,,V020
2010-07-11 00:00:00,11.91,12.04333333333333,11.967142857142857,1014.3100000000001,1014.1766666666666,1014.1957142857144,V020
2010-07-11 12:00:00,13.209999999999999,13.176666666666662,13.067142857142857,1020.8100000000001,1020.81,,V020
2010-07-12 00:00:00,8.11,9.276666666666662,11.767142857142856,1013.3100000000001,1013.3433333333332,1013.2528571428571,V020
2010-07-12 12:00:00,20.009999999999998,19.67666666666666,19.15285714285714,,,,V020
2010-07-13 00:00:00,13.51,13.776666666666664,14.638571428571428,1007.3100000000001,1007.0766666666667,1007.21,V020
2010-07-13 12:00:00,14.01,14.209999999999999,13.667142857142858,,,,V020
2010-07-14 00:00:00,9.51,9.576666666666663,9.51,1014.9100000000001,1014.8433333333332,1014.7528571428572,V020
2010-07-14 12:00:00,9.41,9.209999999999999,9.081428571428571,1007.4100000000001,1007.5766666666667,,V020
2010-07-15 00:00:00,7.81,7.6099999999999985,,1015.01,1015.0766666666665,,V020
2010-07-15 12:00:00,11.01,10.676666666666664,10.281428571428572,,,,V020
2010-07-16 00:00:00,5.41,5.576666666666664,7.2957142857142845,1021.21,1021.0433333333334,1020.7242857142857,V020
2010-07-16 12:00:00,16.11,16.376666666666665,16.23857142857143,1016.3100000000001,1016.1766666666666,1016.1099999999999,V020
2010-07-17 00:00:00,11.41,11.576666666666663,11.924285714285714,1017.51,1017.4433333333333,1017.2957142857142,V020
2010-07-17 12:00:00,17.61,17.87666666666666,17.252857142857142,1014.8100000000001,,,V020
2010-07-18 00:00:00,12.91,13.209999999999999,14.095714285714285,1014.21,1014.2433333333332,1014.1528571428571,V020
2010-07-18 12:00:00,17.41,16.776666666666664,16.895714285714284,1003.4100000000001,1003.5099999999999,,V020
2010-07-19 00:00:00,11.809999999999999,11.709999999999996,11.852857142857143,1005.61,1005.61,1005.3099999999998,V020
2010-07-19 12:00:00,17.009999999999998,17.34333333333333,16.724285714285713,,,,V020
2010-07-20 00:00:00,10.709999999999999,,,1004.11,,,V020
2010-07-20 12:00:00,15.01,15.343333333333334,14.581428571428573,,,,V020
2010-07-21 00:00:00,7.31,7.21,7.567142857142856,1009.3100000000001,1009.21,1009.1242857142857,V020
2010-07-21 12:00:00,12.01,11.676666666666668,11.581428571428571,,,,V020
2010-07-22 00:00:00,6.81,6.909999999999999,7.195714285714286,1008.4100000000001,1008.41,1008.3242857142857,V020
2010-07-22 12:00:00,9.01,9.01,9.01,,,,V020
2010-07-23 00:00:00,6.01,5.943333333333334,5.852857142857142,1002.3100000000001,1002.3100000000001,1002.2814285714285,V020
2010-07-23 12:00:00,9.11,8.743333333333332,8.338571428571429,1013.71,1013.4766666666666,,V020
2010-07-24 00:00:00,11.51,11.643333333333333,11.48142857142857,1015.9100000000001,1015.91,1015.8814285714285,V020
2010-07-24 12:00:00,15.01,15.01,14.652857142857142,,,,V020
2010-07-25 00:00:00,4.61,5.476666666666667,6.395714285714286,1023.01,1022.9433333333333,1022.8385714285713,V020
2010-07-25 12:00:00,14.11,14.276666666666666,14.281428571428572,1021.01,1020.9099999999999,,V020
2010-07-26 00:00:00,14.61,14.276666666666666,12.709999999999999,1019.4100000000001,1019.4433333333333,1019.4385714285714,V020
2010-07-26 12:00:00,10.709999999999999,10.709999999999999,10.652857142857142,1019.01,1019.0433333333334,,V020
2010-07-27 00:00:00,10.01,10.709999999999999,11.352857142857143,,,,V020
2010-07-27 12:00:00,21.31,19.61,18.56714285714286,1009.3100000000001,1009.3433333333332,1009.1957142857142,V020
2010-07-28 00:00:00,14.41,14.343333333333334,,1009.01,1008.91,,V020
2010-07-28 12:00:00,13.309999999999999,13.176666666666668,12.68142857142857,1013.71,,,V020
2010-07-29 00:00:00,10.709999999999999,10.743333333333332,10.767142857142856,,,,V020
2010-07-29 12:00:00,13.01,13.476666666666667,13.067142857142857,,,,V020
2010-07-30 00:00:00,11.01,11.176666666666668,11.209999999999999,1015.4100000000001,1015.5433333333332,1015.4242857142856,V020
2010-07-30 12:00:00,18.009999999999998,18.009999999999998,18.495714285714286,,,,V020
2010-07-31 00:00:00,19.41,19.543333333333333,19.995714285714286,1000.8100000000001,1000.81,1000.6528571428571,V020
2010-07-31 12:00:00,22.009999999999998,21.676666666666666,21.238571428571426,,,,V020
2010-08-01 00:00:00,11.91,12.043333333333331,12.23857142857143,1002.61,1002.7099999999999,1002.6814285714285,V020
2010-08-01 12:00:00,15.309999999999999,15.776666666666666,16.038571428571426,1006.3100000000001,1006.2433333333333,,V020
2010-08-02 00:00:00,12.809999999999999,12.643333333333333,12.652857142857142,1006.21,1006.2433333333332,1006.2814285714285,V020
2010-08-02 12:00:00,12.01,12.476666666666668,12.867142857142856,,,,V020
2010-08-03 00:00:00,11.01,11.076666666666668,10.995714285714286,1008.71,1008.7433333333332,1008.7385714285714,V020
2010-08-03 12:00:00,15.61,15.310000000000002,14.281428571428568,1008.01,1008.0099999999999,1008.1242857142857,V020
2010-08-04 00:00:00,9.41,9.476666666666668,9.838571428571429,1010.4100000000001,1010.31,1010.2814285714286,V020
2010-08-04 12:00:00,12.809999999999999,13.243333333333334,12.995714285714286,1010.01,1009.9766666666666,,V020
2010-08-05 00:00:00,9.91,10.043333333333337,10.367142857142856,1006.3100000000001,1006.4433333333333,1006.4528571428572,V020
2010-08-05 12:00:00,17.21,17.110000000000003,16.31,1007.9100000000001,1007.8433333333332,,V020
2010-08-06 00:00:00,11.61,11.610000000000001,11.667142857142855,,,,V020
2010-08-06 12:00:00,15.709999999999999,15.67666666666667,,1017.4100000000001,1017.5099999999999,,V020
2010-08-07 00:00:00,13.809999999999999,13.343333333333334,13.481428571428571,1017.4100000000001,1017.5433333333332,1017.6528571428571,V020
2010-08-07 12:00:00,19.009999999999998,18.676666666666666,18.624285714285712,,,,V020
2010-08-08 00:00:00,13.61,13.543333333333335,13.51,1019.51,1019.61,1019.6528571428571,V020
2010-08-08 12:00:00,14.41,14.17666666666667,13.924285714285713,1018.4100000000001,1018.4766666666666,,V020
2010-08-09 00:00:00,11.809999999999999,11.576666666666668,11.495714285714286,1018.51,1018.5099999999999,1018.6385714285714,V020
2010-08-09 12:00:00,11.809999999999999,11.943333333333335,11.967142857142857,1016.9100000000001,1016.7766666666666,,V020
2010-08-10 00:00:00,10.51,10.51,10.61,1013.11,1013.11,1013.1528571428571,V020
2010-08-10 12:00:00,14.41,14.310000000000002,13.895714285714286,1010.9100000000001,1010.9766666666666,,V020
2010-08-11 00:00:00,11.01,11.043333333333337,11.252857142857142,,,,V020
2010-08-11 12:00:00,13.01,12.67666666666667,12.295714285714286,,,,V020
2010-08-12 00:00:00,5.71,5.310000000000002,5.609999999999999,1020.8100000000001,1020.8100000000001,1020.7385714285714,V020
2010-08-12 12:00:00,14.01,14.676666666666668,14.581428571428573,,,,V020
2010-08-13 00:00:00,7.709999999999999,7.776666666666668,8.024285714285714,1018.9100000000001,1018.8433333333332,1018.7242857142857,V020
2010-08-13 12:00:00,13.709999999999999,14.243333333333334,14.224285714285713,1020.61,,,V020
2010-08-14 00:00:00,6.11,5.910000000000003,6.109999999999999,1020.21,1020.2433333333333,1020.0242857142856,V020
2010-08-14 12:00:00,14.01,14.343333333333335,14.238571428571428,,,,V020
2010-08-15 00:00:00,10.01,10.076666666666668,10.05285714285714,1003.4100000000001,1003.71,1004.7957142857142,V020
2010-08-15 12:00:00,6.609999999999999,6.943333333333335,6.767142857142857,1019.01,1018.8766666666667,1018.5957142857143,V020
2010-08-16 00:00:00,4.41,4.5100000000000025,5.238571428571428,1022.3100000000001,1022.21,1022.1099999999999,V020
2010-08-16 12:00:00,9.709999999999999,9.576666666666668,8.838571428571427,1025.01,1025.0433333333333,,V020
2010-08-17 00:00:00,8.61,8.343333333333335,,1020.21,1020.2766666666666,,V020
2010-08-17 12:00:00,8.01,8.010000000000003,8.152857142857142,,,,V020
2010-08-18 00:00:00,5.71,5.576666666666669,5.838571428571429,1019.11,1019.1433333333333,1019.0957142857143,V020
2010-08-18 12:00:00,8.01,7.676666666666669,7.152857142857142,,,,V020
2010-08-19 00:00:00,4.91,4.843333333333336,4.895714285714286,1015.3100000000001,1015.41,1015.41,V020
2010-08-19 12:00:00,10.01,10.010000000000003,9.581428571428573,,,,V020
2010-08-20 00:00:00,8.61,8.743333333333336,8.452857142857143,1011.9100000000001,1011.9433333333333,1011.9242857142857,V020
2010-08-20 12:00:00,12.709999999999999,12.443333333333335,12.01,1011.3100000000001,1011.3766666666667,,V020
2010-08-21 00:00:00,3.71,3.9100000000000024,4.381428571428571,1010.9100000000001,1010.9099999999999,1010.8528571428571,V020
2010-08-21 12:00:00,13.01,13.343333333333335,13.095714285714285,,,,V020
2010-08-22 00:00:00,5.41,5.876666666666669,6.281428571428571,1006.11,1006.11,1006.0242857142856,V020
2010-08-22 12:00:00,14.11,14.276666666666669,13.824285714285713,1003.01,1002.8766666666667,,V020
2010-08-23 00:00:00,8.41,8.876666666666669,9.095714285714285,1003.61,1003.6433333333333,1003.6528571428571,V020
2010-08-23 12:00:00,12.61,12.543333333333335,12.309999999999999,1004.71,1004.7433333333333,,V020
2010-08-24 00:00:00,3.81,3.343333333333336,3.3814285714285717,1006.21,1006.1766666666666,1006.1528571428571,V020
2010-08-24 12:00:00,10.01,10.010000000000003,9.724285714285713,1005.61,,,V020
2010-08-25 00:00:00,4.91,4.27666666666667,3.667142857142857,1005.51,1005.5433333333334,1005.5528571428571,V020
2010-08-25 12:00:00,11.01,11.010000000000003,10.724285714285715,,,,V020
2010-08-26 00:00:00,1.41,1.776666666666669,2.4528571428571424,1009.01,1009.0433333333332,1008.9814285714285,V020
2010-08-26 12:00:00,10.61,10.743333333333334,,1009.61,,,V020
2010-08-27 00:00:00,3.81,4.043333333333336,3.5814285714285714,1010.21,1010.2766666666666,1010.3242857142857,V020
2010-08-27 12:00:00,10.01,9.910000000000002,9.98142857142857,,,,V020
2010-08-28 00:00:00,3.6100000000000003,3.1766666666666694,3.2100000000000004,1011.9100000000001,1011.9433333333333,1011.9814285714285,V020
2010-08-28 12:00:00,10.01,9.67666666666667,9.538571428571428,,,,V020
2010-08-29 00:00:00,3.41,3.1433333333333358,4.11,1013.9100000000001,1014.0099999999999,1013.8814285714285,V020
2010-08-29 12:00:00,11.709999999999999,12.01,11.624285714285715,1015.21,1015.1433333333333,,V020
2010-08-30 00:00:00,6.409999999999999,6.243333333333336,6.324285714285714,1015.11,1015.11,1015.11,V020
2010-08-30 12:00:00,10.809999999999999,11.243333333333334,11.195714285714285,1012.4100000000001,1012.31,,V020
2010-08-31 00:00:00,3.91,4.27666666666667,5.3100000000000005,1008.21,1008.0766666666667,1008.0242857142857,V020
2010-08-31 12:00:00,11.01,10.976666666666668,10.709999999999999,,,,V020
2010-09-01 00:00:00,6.81,6.743333333333335,6.924285714285714,1004.11,1004.0433333333332,1003.9242857142856,V020
2010-09-01 12:00:00,7.01,6.976666666666669,6.824285714285714,,,,V020
2010-09-02 00:00:00,6.01,5.810000000000002,5.724285714285714,1017.21,1017.2433333333333,1017.2099999999999,V020
2010-09-02 12:00:00,10.01,9.010000000000003,8.724285714285715,,,,V020
2010-09-03 00:00:00,4.41,4.543333333333336,4.41,1023.9100000000001,1023.81,1023.7385714285714,V020
2010-09-03 12:00:00,10.01,10.010000000000003,9.767142857142858,,,,V020
2010-09-04 00:00:00,6.21,5.5100000000000025,4.6242857142857146,1016.11,1016.4766666666666,1016.6814285714285,V020
2010-09-04 12:00:00,10.209999999999999,10.210000000000003,9.995714285714286,1014.61,1014.61,,V020
2010-09-05 00:00:00,6.709999999999999,6.710000000000001,6.71,1018.01,1017.9433333333333,1017.9814285714285,V020
2010-09-05 12:00:00,8.01,8.17666666666667,8.252857142857142,1021.61,1021.61,,V020
2010-09-06 00:00:00,11.41,11.343333333333335,10.838571428571429,1023.8100000000001,1023.8433333333332,1023.9957142857141,V020
2010-09-06 12:00:00,12.01,12.67666666666667,12.181428571428572,,,,V020
2010-09-07 00:00:00,7.109999999999999,7.310000000000002,7.881428571428571,1025.6100000000001,1025.743333333333,1025.7814285714287,V020
2010-09-07 12:00:00,12.01,11.67666666666667,11.43857142857143,,,,V020
2010-09-08 00:00:00,3.91,4.210000000000003,4.895714285714285,1025.81,1025.8766666666668,1025.9242857142856,V020
2010-09-08 12:00:00,9.01,9.343333333333335,9.281428571428572,,,,V020
2010-09-09 00:00:00,6.81,6.743333333333336,5.981428571428571,1025.71,1025.743333333333,1025.6100000000001,V020
2010-09-09 12:00:00,12.01,12.010000000000003,12.567142857142857,,,,V020
2010-09-10 00:00:00,9.309999999999999,9.176666666666668,9.152857142857142,1022.3100000000001,1022.31,1022.21,V020
2010-09-10 12:00:00,13.01,11.67666666666667,11.652857142857144,,,,V020
2010-09-11 00:00:00,6.909999999999999,6.710000000000002,7.824285714285713,1018.4100000000001,1018.3433333333332,1018.3100000000001,V020
2010-09-11 12:00:00,13.01,12.710000000000003,12.438571428571427,,,,V020
2010-09-12 00:00:00,3.5100000000000002,3.843333333333336,4.11,1013.21,1013.31,1013.2242857142857,V020
2010-09-12 12:00:00,16.21,16.37666666666667,15.495714285714286,1008.3100000000001,1008.31,,V020
2010-09-13 00:00:00,11.309999999999999,10.610000000000005,10.152857142857142,1005.71,1005.8433333333332,1005.7957142857142,V020
2010-09-13 12:00:00,13.01,12.676666666666671,12.695714285714287,,,,V020
2010-09-14 00:00:00,8.209999999999999,8.143333333333338,7.7957142857142845,1007.8100000000001,1007.7766666666666,1007.6242857142857,V020
2010-09-14 12:00:00,11.01,10.676666666666671,10.638571428571428,,,,V020
2010-09-15 00:00:00,12.209999999999999,12.476666666666672,12.51,997.8100000000001,997.7766666666666,997.6957142857142,V020
2010-09-15 12:00:00,14.01,13.610000000000005,13.267142857142858,,,,V020
2010-09-16 00:00:00,13.809999999999999,13.643333333333338,13.581428571428571,994.8100000000001,994.8433333333332,994.9814285714285,V020
2010-09-16 12:00:00,11.809999999999999,12.943333333333337,13.695714285714287,994.8100000000001,,,V020
2010-09-17 00:00:00,10.41,10.510000000000003,10.41,1001.9100000000001,1001.8100000000001,1001.7957142857142,V020
2010-09-17 12:00:00,13.01,13.010000000000005,13.024285714285712,,,,V020
2010-09-18 00:00:00,8.11,7.910000000000004,7.624285714285714,999.01,999.0099999999999,999.0242857142857,V020
2010-09-18 12:00:00,12.01,10.743333333333338,10.495714285714286,,,,V020
2010-09-19 00:00:00,3.81,3.8100000000000045,3.924285714285714,996.9100000000001,996.8766666666667,996.8671428571428,V020
2010-09-19 12:00:00,7.609999999999999,7.743333333333337,7.681428571428571,997.21,997.2766666666666,,V020
2010-09-20 00:00:00,4.61,4.5766666666666715,4.567142857142857,999.61,999.61,999.6242857142855,V020
2010-09-20 12:00:00,10.01,10.210000000000004,10.195714285714285,,,,V020
2010-09-21 00:00:00,3.0100000000000002,3.3433333333333386,3.7814285714285716,1008.21,1008.2433333333333,1008.2242857142857,V020
2010-09-21 12:00:00,9.309999999999999,10.110000000000005,9.909999999999998,1011.3100000000001,,,V020
2010-09-22 00:00:00,8.11,8.37666666666667,7.695714285714286,1013.4100000000001,1013.41,1013.3957142857142,V020
2010-09-22 12:00:00,10.01,9.676666666666671,9.495714285714286,,,,V020
2010-09-23 00:00:00,3.5100000000000002,3.010000000000005,3.0385714285714287,1010.71,1010.7433333333333,1010.7528571428572,V020
2010-09-23 12:00:00,8.01,7.676666666666672,7.152857142857143,,,,V020
2010-09-24 00:00:00,7.01,6.776666666666671,6.51,1005.9100000000001,1005.91,1005.8671428571428,V020
2010-09-24 12:00:00,6.3100000000000005,6.376666666666671,6.781428571428571,1007.11,1007.0433333333334,,V020
2010-09-25 00:00:00,6.409999999999999,6.043333333333339,5.910000000000001,1009.21,1009.4099999999999,1009.5671428571428,V020
2010-09-25 12:00:00,7.01,6.676666666666672,6.538571428571428,,,,V020
2010-09-26 00:00:00,6.01,6.043333333333337,5.467142857142858,1017.4100000000001,1017.3433333333332,1017.3242857142857,V020
2010-09-26 12:00:00,7.209999999999999,7.310000000000003,7.024285714285715,1021.3100000000001,1021.31,,V020
2010-09-27 00:00:00,4.41,4.476666666666672,4.338571428571429,1023.8100000000001,1023.81,1023.6671428571428,V020
2010-09-27 12:00:00,7.01,6.676666666666672,6.8671428571428565,,,,V020
2010-09-28 00:00:00,6.01,5.943333333333338,6.024285714285715,1023.61,1023.6433333333333,1023.5671428571428,V020
2010-09-28 12:00:00,9.01,9.010000000000005,8.752857142857142,,,,V020
2010-09-29 00:00:00,7.209999999999999,6.910000000000004,6.9957142857142856,1022.21,1022.31,1022.3242857142858,V020
2010-09-29 12:00:00,9.01,9.076666666666672,8.18142857142857,,,,V020
2010-09-30 00:00:00,4.8100000000000005,4.710000000000004,3.9671428571428575,1021.51,1021.5433333333334,1021.7528571428571,V020
2010-09-30 12:00:00,9.01,9.010000000000005,8.209999999999999,,,,V020
2010-10-01 00:00:00,5.51,5.443333333333338,5.238571428571428,1023.8100000000001,1023.81,1023.7528571428571,V020
2010-10-01 12:00:00,9.309999999999999,8.310000000000004,7.038571428571428,1022.11,1022.1433333333334,,V020
2010-10-02 00:00:00,5.21,5.010000000000005,4.609999999999999,1020.8100000000001,1020.6433333333333,1020.6385714285715,V020
2010-10-02 12:00:00,7.01,7.010000000000005,7.009999999999999,,,,V020
2010-10-03 00:00:00,3.21,3.210000000000005,3.3385714285714285,1017.71,1017.6766666666666,1017.6957142857142,V020
2010-10-03 12:00:00,6.51,6.543333333333337,6.338571428571428,1015.01,1014.9766666666666,,V020
2010-10-04 00:00:00,6.21,6.610000000000006,6.8100000000000005,1010.11,1010.0099999999999,1009.9528571428572,V020
2010-10-04 12:00:00,9.309999999999999,9.943333333333337,10.295714285714284,1003.4100000000001,1003.5100000000001,,V020
2010-10-05 00:00:00,13.41,12.810000000000002,12.667142857142858,1004.8100000000001,1004.8433333333332,1004.91,V020
2010-10-05 12:00:00,13.91,13.810000000000004,13.338571428571429,1006.51,1006.5433333333332,,V020
2010-10-06 00:00:00,11.41,11.076666666666673,11.124285714285714,1008.21,1008.0433333333334,1007.9242857142856,V020
2010-10-06 12:00:00,14.01,13.74333333333334,13.324285714285713,,,,V020
2010-10-07 00:00:00,12.209999999999999,12.07666666666667,11.709999999999999,1006.61,1006.81,1007.0957142857143,V020
2010-10-07 12:00:00,14.01,14.010000000000005,14.438571428571427,1005.01,,,V020
2010-10-08 00:00:00,10.91,11.676666666666671,11.652857142857142,1017.61,1017.6433333333333,1017.51,V020
2010-10-08 12:00:00,15.209999999999999,14.143333333333338,13.652857142857142,1018.9100000000001,1018.7433333333333,,V020
2010-10-09 00:00:00,9.209999999999999,9.076666666666672,9.824285714285713,1019.21,1019.3766666666667,1018.9385714285714,V020
2010-10-09 12:00:00,7.01,7.676666666666672,7.624285714285714,,,,V020
2010-10-10 00:00:00,2.6100000000000003,2.910000000000006,3.3385714285714285,1003.71,1003.7433333333333,1004.5814285714285,V020
2010-10-10 12:00:00,5.51,5.310000000000007,5.252857142857144,1012.4100000000001,1012.4433333333333,,V020
2010-10-11 00:00:00,3.21,3.7766666666666726,3.8099999999999996,1012.51,1012.4766666666666,1012.4385714285714,V020
2010-10-11 12:00:00,1.01,1.010000000000006,1.1528571428571428,,,,V020
2010-10-12 00:00:00,0.8099999999999999,0.7766666666666726,1.0385714285714285,1005.8100000000001,1005.61,1005.8100000000001,V020
2010-10-12 12:00:00,4.01,4.010000000000006,3.5814285714285714,,,,V020
2010-10-13 00:00:00,2.71,2.6766666666666716,2.2671428571428573,1008.9100000000001,1009.0099999999999,1008.9242857142857,V020
2010-10-13 12:00:00,3.0100000000000002,3.0100000000000056,2.4385714285714286,,,,V020
2010-10-14 00:00:00,0.11000000000000001,0.176666666666672,0.3242857142857143,1003.51,1003.4433333333333,1003.3957142857142,V020
2010-10-14 12:00:00,1.01,1.6766666666666719,2.0100000000000002,,,,V020
2010-10-15 00:00:00,0.61,0.710000000000005,0.6671428571428571,1005.8100000000001,1006.0766666666667,1006.0671428571428,V020
2010-10-15 12:00:00,2.1100000000000003,1.976666666666672,1.852857142857143,1007.71,,,V020
2010-10-16 00:00:00,1.61,1.6766666666666719,1.7385714285714289,1007.01,1007.1433333333333,1007.1957142857143,V020
2010-10-16 12:00:00,1.01,0.9433333333333384,0.91,,,,V020
2010-10-17 00:00:00,1.81,1.6433333333333382,1.4385714285714286,1004.21,1004.1766666666666,1004.1528571428571,V020
2010-10-17 12:00:00,3.71,3.710000000000005,3.4528571428571433,1002.4100000000001,1002.3433333333332,,V020
2010-10-18 00:00:00,4.11,3.910000000000005,3.4671428571428575,995.11,995.1766666666666,995.1242857142857,V020
2010-10-18 12:00:00,8.01,7.810000000000005,7.595714285714286,986.8100000000001,986.71,,V020
2010-10-19 00:00:00,6.609999999999999,,,981.9100000000001,,,V020
2010-10-19 12:00:00,2.0100000000000002,2.0100000000000064,1.8814285714285717,,,,V020
2010-10-20 00:00:00,0.41,0.4100000000000059,0.45285714285714285,1000.71,1000.61,1000.4671428571429,V020
2010-10-20 12:00:00,0.51,0.24333333333333917,0.13857142857142854,998.71,998.71,,V020
2010-10-21 00:00:00,0.11000000000000001,0.11000000000000587,0.12428571428571426,998.3100000000001,998.2766666666666,998.3242857142857,V020
2010-10-21 12:00:00,1.01,1.0100000000000058,0.9242857142857143,,,,V020
2010-10-22 00:00:00,1.41,1.5433333333333392,1.5242857142857142,987.21,987.21,987.2814285714285,V020
2010-10-22 12:00:00,2.1100000000000003,2.0433333333333397,2.2242857142857146,983.8100000000001,,,V020
2010-10-23 00:00:00,0.41,0.510000000000006,0.5671428571428571,983.71,983.71,,V020
2010-10-23 12:00:00,3.0100000000000002,3.3433333333333395,2.9100000000000006,,,,V020
2010-10-24 00:00:00,2.91,3.3100000000000063,3.3242857142857147,987.9100000000001,987.9433333333333,988.0528571428571,V020
2010-10-24 12:00:00,3.31,3.2433333333333394,3.2528571428571427,994.51,994.5099999999999,,V020
2010-10-25 00:00:00,2.1100000000000003,1.7766666666666733,1.8671428571428572,1000.51,1000.4433333333333,1000.3814285714285,V020
2010-10-25 12:00:00,3.0100000000000002,3.0100000000000064,,,,,V020
2010-10-26 00:00:00,0.21000000000000002,0.17666666666667274,0.3671428571428571,1010.8100000000001,1010.7433333333333,1010.71,V020
2010-10-26 12:00:00,2.0100000000000002,2.0100000000000064,1.8671428571428574,,,,V020
2010-10-27 00:00:00,0.71,0.4766666666666728,0.5671428571428571,1010.71,1010.7433333333333,1010.7814285714285,V020
2010-10-27 12:00:00,1.01,1.010000000000006,0.7242857142857143,,,,V020
2010-10-28 00:00:00,0.51,0.6766666666666726,1.167142857142857,996.01,996.11,996.0671428571429,V020
2010-10-28 12:00:00,0.01,0.01000000000000592,0.15285714285714286,,,,V020
2010-10-29 00:00:00,1.81,1.4433333333333394,0.8814285714285715,996.3100000000001,996.1766666666666,996.2385714285713,V020
2010-10-29 12:00:00,0.11000000000000001,0.37666666666667253,0.8099999999999999,1005.9100000000001,1005.9099999999999,1005.7385714285714,V020
2010-10-30 00:00:00,6.01,5.910000000000006,5.867142857142857,1009.11,1009.1766666666666,1009.0528571428571,V020
2010-10-30 12:00:00,3.0100000000000002,3.0100000000000064,3.424285714285714,,,,V020
2010-10-31 00:00:00,1.81,1.810000000000006,2.3242857142857147,990.11,990.11,990.3242857142857,V020
2010-10-31 12:00:00,0.01,0.5766666666666725,1.01,989.9100000000001,989.9433333333333,,V020
2010-11-01 00:00:00,4.11,4.043333333333339,3.0100000000000002,984.21,984.2433333333333,984.9242857142856,V020
2010-11-01 12:00:00,5.01,5.343333333333338,4.867142857142857,,,,V020
2010-11-02 00:00:00,2.81,2.2100000000000057,2.3242857142857147,986.61,986.7433333333332,986.8957142857143,V020
2010-11-02 12:00:00,4.01,2.7100000000000057,1.852857142857143,,,,V020
2010-11-03 00:00:00,0.01,,,988.11,,,V020
2010-11-03 12:00:00,5.01,4.34333333333334,4.01,983.9100000000001,,,V020
2010-11-04 00:00:00,2.21,1.9100000000000061,1.952857142857143,984.71,984.6766666666666,984.8100000000001,V020
2010-11-04 12:00:00,0.31,,,989.3100000000001,,,V020
2010-11-05 00:00:00,3.31,3.443333333333339,2.995714285714286,995.51,995.4766666666666,995.4671428571428,V020
2010-11-05 12:00:00,2.21,2.276666666666673,2.5385714285714287,996.9100000000001,996.8433333333332,,V020
2010-11-06 00:00:00,2.5100000000000002,2.5100000000000064,2.552857142857143,994.61,994.7433333333332,994.8100000000001,V020
2010-11-06 12:00:00,2.0100000000000002,2.4766666666666732,2.5242857142857145,,,,V020
2010-11-07 00:00:00,2.5100000000000002,2.94333333333334,3.281428571428571,991.11,991.1433333333333,991.1957142857143,V020
2010-11-07 12:00:00,4.21,4.04333333333334,4.281428571428571,990.9100000000001,990.8433333333332,,V020
2010-11-08 00:00:00,7.31,7.510000000000006,7.481428571428571,990.21,990.11,990.0528571428571,V020
2010-11-08 12:00:00,7.01,6.676666666666673,6.581428571428572,,,,V020
2010-11-09 00:00:00,4.8100000000000005,4.643333333333341,3.995714285714286,1005.51,1005.5433333333334,1005.3671428571428,V020
2010-11-09 12:00:00,4.01,4.010000000000006,4.724285714285714,,,,V020
2010-11-10 00:00:00,6.51,6.710000000000007,6.895714285714285,1008.21,1008.1766666666666,1008.1242857142857,V020
2010-11-10 12:00:00,4.21,4.076666666666674,5.038571428571428,1007.21,,,V020
2010-11-11 00:00:00,5.3100000000000005,5.210000000000007,4.967142857142856,1004.61,1004.3433333333332,1004.2671428571429,V020
2010-11-11 12:00:00,2.0100000000000002,1.676666666666674,1.5385714285714287,,,,V020
2010-11-12 00:00:00,1.21,0.810000000000007,0.7957142857142857,990.9100000000001,,,V020
2010-11-12 12:00:00,1.01,1.0100000000000071,0.8671428571428572,,,,V020
2010-11-13 00:00:00,3.6100000000000003,3.143333333333341,3.038571428571429,983.61,983.61,983.6671428571428,V020
2010-11-13 12:00:00,5.51,5.176666666666674,5.481428571428572,982.71,,,V020
2010-11-14 00:00:00,7.51,7.710000000000007,7.2385714285714275,985.3100000000001,985.2766666666666,985.3385714285714,V020
2010-11-14 12:00:00,6.3100000000000005,6.54333333333334,6.61,991.21,991.3433333333332,,V020
2010-11-15 00:00:00,4.01,4.610000000000007,5.252857142857143,998.01,998.11,997.9671428571429,V020
2010-11-15 12:00:00,5.01,5.276666666666674,5.124285714285714,,,,V020
2010-11-16 00:00:00,6.909999999999999,6.710000000000007,7.167142857142856,1008.8100000000001,1008.8433333333332,1008.71,V020
2010-11-16 12:00:00,4.01,4.010000000000007,4.152857142857143,,,,V020
2010-11-17 00:00:00,2.31,1.9100000000000072,2.91,1020.21,1020.2433333333332,1020.3242857142858,V020
2010-11-17 12:00:00,2.21,2.4100000000000072,1.5957142857142856,1022.61,,,V020
2010-11-18 00:00:00,8.51,8.410000000000007,7.5528571428571425,1020.11,1020.31,1020.4242857142856,V020
2010-11-18 12:00:00,7.01,7.176666666666673,7.081428571428572,,,,V020
2010-11-19 00:00:00,1.01,1.476666666666673,1.5814285714285714,1023.51,1023.31,1023.1814285714287,V020
2010-11-19 12:00:00,1.01,0.6766666666666733,0.5814285714285715,,,,V020
2010-11-20 00:00:00,4.61,4.44333333333334,,1034.31,1034.3433333333332,,V020
2010-11-20 12:00:00,6.01,6.010000000000006,6.3671428571428565,,,,V020
2010-11-21 00:00:00,1.7100000000000002,,,1028.01,,,V020
2010-11-21 12:00:00,0.31,0.5433333333333402,0.6671428571428571,1027.91,,,V020
2010-11-22 00:00:00,0.61,0.9100000000000069,0.7957142857142857,1019.21,1019.2766666666666,1019.6528571428571,V020
2010-11-22 12:00:00,7.01,6.676666666666674,6.009999999999999,,,,V020
2010-11-23 00:00:00,3.81,3.810000000000007,5.095714285714285,1022.9100000000001,1023.0100000000001,1023.1099999999999,V020
2010-11-23 12:00:00,3.0100000000000002,,,,,,V020
2010-11-24 00:00:00,6.81,7.010000000000006,7.4957142857142856,1024.91,1025.0433333333333,1025.0242857142857,V020
2010-11-24 12:00:00,9.01,9.010000000000007,9.295714285714284,,,,V020
2010-11-25 00:00:00,10.91,10.34333333333334,10.51,1020.71,1020.8433333333336,1020.91,V020
2010-11-25 12:00:00,12.01,12.010000000000007,11.867142857142856,,,,V020
2010-11-26 00:00:00,11.41,12.210000000000008,12.23857142857143,1028.91,1028.91,1028.8957142857143,V020
2010-11-26 12:00:00,17.009999999999998,17.676666666666673,17.724285714285713,,,,V020
2010-11-27 00:00:00,11.209999999999999,11.843333333333339,12.738571428571428,1032.01,1032.0766666666668,1032.1814285714286,V020
2010-11-27 12:00:00,14.01,14.676666666666675,14.824285714285711,,,,V020
2010-11-28 00:00:00,15.11,15.043333333333342,15.167142857142858,1034.81,1035.01,1034.9814285714288,V020
2010-11-28 12:00:00,11.209999999999999,11.376666666666674,11.381428571428572,1034.81,1034.81,,V020
2010-11-29 00:00:00,13.01,12.176666666666675,11.652857142857142,1034.81,1034.7766666666669,1034.752857142857,V020
2010-11-29 12:00:00,8.01,6.676666666666674,6.867142857142857,,,,V020
2010-11-30 00:00:00,2.81,3.3766666666666754,3.2528571428571427,1025.81,1025.7433333333336,1025.7385714285715,V020
2010-11-30 12:00:00,4.01,4.010000000000008,3.5814285714285714,,,,V020
2010-12-01 00:00:00,3.0100000000000002,3.3433333333333413,3.5814285714285714,1013.8100000000001,1013.7433333333335,1013.7957142857142,V020
2010-12-01 12:00:00,5.01,5.010000000000008,4.781428571428571,,,,V020
2010-12-02 00:00:00,5.01,5.110000000000007,5.1814285714285715,1000.4100000000001,1000.3433333333336,1000.3385714285715,V020
2010-12-02 12:00:00,3.0100000000000002,2.6766666666666747,3.152857142857143,,,,V020
2010-12-03 00:00:00,0.11000000000000001,0.11000000000000802,0.11000000000000001,999.11,999.1100000000001,999.0385714285715,V020
2010-12-03 12:00:00,0.01,0.010000000000007994,0.15285714285714286,,,,V020
2010-12-04 00:00:00,0.31,0.7433333333333412,1.3957142857142857,997.3100000000001,997.3766666666667,997.2671428571429,V020
2010-12-04 12:00:00,6.01,5.676666666666674,5.595714285714285,,,,V020
2010-12-05 00:00:00,6.909999999999999,6.943333333333341,7.167142857142856,991.61,991.8100000000001,991.852857142857,V020
2010-12-05 12:00:00,10.91,10.84333333333334,10.781428571428572,990.11,990.0433333333334,,V020
2010-12-06 00:00:00,9.709999999999999,10.34333333333334,10.138571428571426,989.51,989.6766666666667,989.7242857142857,V020
2010-12-06 12:00:00,5.01,5.010000000000008,4.910000000000001,,,,V020
2010-12-07 00:00:00,6.21,6.376666666666675,6.252857142857143,989.61,989.71,989.6671428571428,V020
2010-12-07 12:00:00,8.01,8.010000000000009,8.295714285714286,,,,V020
2010-12-08 00:00:00,9.809999999999999,9.743333333333341,9.567142857142857,995.71,995.7100000000002,995.6528571428571,V020
2010-12-08 12:00:00,8.01,8.176666666666675,8.067142857142857,998.71,,,V020
2010-12-09 00:00:00,1.81,1.5100000000000084,2.5100000000000002,1005.21,1005.2766666666668,1005.1957142857144,V020
2010-12-09 12:00:00,8.01,7.676666666666674,7.724285714285713,,,,V020
2010-12-10 00:00:00,5.21,5.176666666666676,5.195714285714286,1004.71,1004.9100000000002,1004.9385714285715,V020
2010-12-10 12:00:00,8.809999999999999,8.94333333333334,8.41,1004.61,,,V020
2010-12-11 00:00:00,13.51,14.14333333333334,13.995714285714286,1002.9100000000001,1003.0433333333335,1003.1528571428571,V020
2010-12-11 12:00:00,15.01,14.176666666666677,14.295714285714284,,,,V020
2010-12-12 00:00:00,2.0100000000000002,1.7100000000000097,2.838571428571428,,,,V020
2010-12-12 12:00:00,1.41,1.3100000000000096,1.2100000000000002,1011.21,1011.1766666666668,,V020
2010-12-13 00:00:00,1.51,,,1020.8100000000001,,,V020
2010-12-13 12:00:00,7.109999999999999,7.043333333333343,6.595714285714286,1022.51,,,V020
2010-12-14 00:00:00,3.41,3.243333333333343,3.595714285714286,1020.01,1019.8766666666669,1020.0528571428571,V020
2010-12-14 12:00:00,2.0100000000000002,2.8100000000000094,2.867142857142857,,,,V020
2010-12-15 00:00:00,4.8100000000000005,5.476666666666676,5.367142857142857,1022.8100000000001,1022.9100000000002,1022.6242857142857,V020
2010-12-15 12:00:00,0.01,0.6766666666666769,2.295714285714286,,,,V020
2010-12-16 00:00:00,3.71,3.4766666666666772,2.8957142857142864,987.51,987.5433333333334,987.352857142857,V020
2010-12-16 12:00:00,4.01,4.0100000000000104,4.138571428571429,,,,V020
2010-12-17 00:00:00,,,,,,,
2010-12-17 12:00:00,8.01,8.01000000000001,7.724285714285713,,,,V020
2010-12-18 00:00:00,,,,,,,
2010-12-18 12:00:00,10.01,11.01000000000001,10.952857142857143,,,,V020
2010-12-19 00:00:00,9.51,9.476666666666675,9.338571428571429,1029.71,1029.5433333333333,1029.9242857142856,V020
2010-12-19 12:00:00,14.11,14.01000000000001,13.567142857142857,1024.91,1025.0433333333335,,V020
2010-12-20 00:00:00,16.61,,,1018.4100000000001,,,V020
2010-12-20 12:00:00,15.01,15.01000000000001,,,,,V020
2010-12-21 00:00:00,,,,,,,
2010-12-21 12:00:00,7.01,7.010000000000008,7.01,,,,V020
2010-12-22 00:00:00,8.309999999999999,,,1019.51,,,V020
2010-12-22 12:00:00,12.01,11.676666666666675,11.43857142857143,,,,V020
2010-12-23 00:00:00,,,,,,,
2010-12-23 12:00:00,7.01,6.676666666666674,7.152857142857143,,,,V020
2010-12-24 00:00:00,0.61,0.376666666666675,0.5957142857142858,1018.8100000000001,1018.7766666666668,1018.7814285714285,V020
2010-12-24 12:00:00,1.1099999999999999,0.5766666666666748,0.7814285714285715,1019.8100000000001,1019.6100000000001,1019.4671428571429,V020
2010-12-25 00:00:00,,,,,,,
2010-12-25 12:00:00,,,,,,,
2010-12-26 00:00:00,,,,,,,
2010-12-26 12:00:00,2.41,2.3766666666666754,2.2814285714285716,1026.6100000000001,1026.4766666666667,,V020
2010-12-27 00:00:00,,,,,,,
2010-12-27 12:00:00,,,,,,,
2010-12-28 00:00:00,,,,,,,
2010-12-28 12:00:00,5.01,5.010000000000008,5.438571428571429,,,,V020
2010-12-29 00:00:00,9.61,8.876666666666674,8.495714285714284,1026.01,1026.0100000000002,1025.9671428571428,V020
2010-12-29 12:00:00,6.01,6.343333333333341,,,,,V020
2010-12-30 00:00:00,,,,,,,
2010-12-30 12:00:00,7.01,7.610000000000009,7.5528571428571425,,,,V020
2010-12-31 00:00:00,6.409999999999999,5.443333333333342,,990.3100000000001,990.3433333333336,,V020
2010-12-31 12:00:00,7.01,,,,,,V020
